"CONTRACT_KEY","ROAMING_SESSIONS_COUNT"
142405010,16
142405133,28
142405389,9
142405746,1
142405904,95
142406151,32
142406157,12
142406275,4
142406487,1
142406618,2
142407157,48
142407492,12
142407634,1
142407709,235
142408249,109
142408655,2
142408657,4
142408839,28
142409289,2
142449928,4
142450157,1
142450201,1
142450541,12
142450646,4
142450664,7
142450698,234
142450988,2
142451026,99
142451344,10
142451427,65
142451542,1
142451659,3
142452969,8
142453260,23
142453277,15
142453340,1
142453844,245
142454362,10
142454922,382
142455354,1
142455420,11
142455804,22
142456258,78
142456435,1
142456701,15
142456743,395
142456757,70
142456869,3
142456886,1135
142457441,2
142457684,15
142457718,27
142458190,25
142498343,27
142498496,197
142498570,1
142498838,3
142499253,17
142499717,11
142499949,43
142500478,1
142500583,7
142500752,163
142501364,8
142501788,2
142502172,6
142502548,92
142502693,1
142503064,1
142503149,4
142504008,4
142504009,1
142504077,2
142504127,1
142504527,1
142504623,2
142504752,9
142504933,38
142605416,2
142605624,2
142607113,3
142607115,6
142607133,74
142607254,1
142607417,5
142607958,1
142608114,1
142608416,28
142609398,28
142609657,4
142609843,101
142610025,4
142610297,1
142610898,1
142610901,6
142610934,123
142611004,1
142611104,183
142611180,4
142611215,4
142611241,3
142611451,29
142611559,3
142611856,96
142612188,1
142613264,11
142613266,1
142613319,5
142613535,26
142613951,4
142614007,4
142614068,1
142675287,7
142675942,5
142676459,41
142676588,7
142676931,1
142676962,3
142677034,958
142777258,67
142777617,91
142777693,1
142777820,8
142777842,17
142777857,27
142778483,17
142778537,1
142778583,38
142779244,2
142779384,17
142779484,117
142779904,2
142780424,1
142780435,86
142780713,101
142780795,28
142780828,15
142780835,1
142780905,4
142781100,21
142781180,2
142781229,1
142781285,1
142781349,136
142781455,4
142781526,48
142781570,6
142781611,417
142781674,58
142782002,1
142782017,12
142782087,5
142782354,8
142782461,14
142782530,262
142782550,1
142782634,6
142783378,7
142783444,1
142783503,3
142783549,39
142784188,21
142784189,1
142784275,3
142784336,26
142784440,22
142784588,4
142784961,1
142785328,15
142785980,92
142786031,7
142786049,32
142786245,1
142786411,14
142787052,36
142787144,1
142787571,3
142787718,4
142788141,3
142788228,154
142788521,17
142789178,22
142789896,4
142789973,4
142790015,4
142790033,90
142790034,92
142790043,9
142790177,1
142790209,1407
142790214,57
142790272,2
142790339,8
142790352,2
142790369,86
142790391,20
142790393,78
142790405,8
142790555,5
142790609,12
142790629,8
142790687,359
142790747,23
142790768,22
142790771,12
142790784,1
142790788,21
142790797,40
142790804,7
142790806,2
142790881,7
142790887,3
142790931,69
142791029,27
142791036,3
142791063,11
142791074,8
142791106,6
142791118,3
142791129,68
142791144,10
142791151,10
142791157,6
142791170,24
142791173,6
142791175,2
142791176,4
142791260,51
142791261,17
142791262,2
142791267,23
142791329,1
142791347,1
142791355,509
142791363,3
142791390,705
142791468,9
142791471,7
142791482,6
142791494,10
142791511,56
142791525,44
142791576,57
142791589,12
142791597,7
142791610,76
142791622,74
142791630,1
142791631,38
142791656,108
142791657,14
142791659,2
142791665,14
142791689,12
142791699,66
142791759,24
142791767,2
142791787,121
142791801,4
142791806,2
142791808,11
142791817,358
142791833,15
142791913,4
142791918,1
142791941,141
142791948,114
142791950,2
142791998,11
142792016,33
142792061,20
142792105,34
142792149,108
142792152,47
142792168,3
142792177,35
142792181,114
142792230,1
142792236,93
142792251,178
142792283,5
142792284,1
142792292,152
142792293,5
142792300,1
142792324,14
142792328,21
142792329,24
142792336,16
142792339,1
142792359,6
142792376,10
142792377,1
142792443,15
142792449,1
142792482,4
142792503,3
142792532,36
142792552,517
142792571,27
142792610,16
142792615,2
142792623,30
142792638,8
142792674,39
142792769,286
142792774,57
142792819,15
142792832,22
142792903,92
142792913,209
142792921,4
142792926,20
142792974,11
142792980,135
142792995,8
142792999,1
142793136,29
142793138,185
142793272,5
142793322,46
142793330,2
142793353,26
142793356,3
142793366,7
142793423,13
142793545,201
142793552,4
142793556,30
142793565,59
142793575,14
142793579,2
142793580,142
142793600,3
142793610,21
142793634,16
142793645,40
142793648,66
142793678,2
142793698,10
142793772,21
142793904,7
142793927,10
142793938,5
142793941,28
142793993,26
142793996,156
142794009,422
142794015,38
142794027,2
142794054,29
142794059,1
142794065,2
142794093,16
142794109,35
142794119,16
142794128,11
142794264,194
142794265,12
142794267,27
142794276,7
142794325,1
142794342,86
142794346,5
142794368,24
142794396,3
142794407,19
142794415,27
142794418,121
142794419,8
142794430,16
142794431,182
142794495,1
142794499,294
142794510,28
142794517,97
142794525,4
142794657,6
142794672,29
142794680,9
142794706,60
142794707,1
142794710,87
142794714,842
142794721,220
142794722,21
142794769,2
142794840,4
142794864,9
142794886,27
142794898,11
142794901,8
142794991,222
142795027,28
142795031,24
142795032,2
142795056,26
142795103,14
142795193,36
142795206,27
142795321,3
142795333,11
142795338,196
142795357,8
142795363,6
142795400,1
142795404,3
142795412,1
142795424,64
142795435,25
142795545,1
142795758,5
142795907,26
142795934,1
142796160,12
142796768,27
142797019,473
142797226,123
142797380,2
142797476,3
142797486,103
142797549,1
142798130,2
142798344,24
142798621,2
142798962,1
142799243,238
142799484,188
142799668,2
142799672,8
142799673,6
142799879,187
142845245,50
142845458,24
142845513,1067
142845569,35
142845668,278
142845712,5
142846126,16
142846731,5
142847297,1
142847345,175
142847354,15
142847756,1
142847810,2
142848090,99
142848922,9
142848931,1
142849401,1
142849689,7
142849772,6
142849966,1
142850190,1
142850606,19
142850658,13
142850843,54
142851201,24
142851575,98
142851646,5
142851708,1
142856905,14
142857231,72
142857583,5
142857738,29
142857795,12
142858617,152
142858695,33
142858948,38
142859838,6
142860458,2
142860689,1
142860690,6
142861298,10
142861594,3
142861741,1
142862508,3
142862550,2
142862974,10
142863871,74
142864199,1
142864363,3
142864950,395
142865335,15
142866088,2
142866532,1
142866997,47
142867239,1
142867294,5
142867353,1
142867625,190
142867906,41
142867931,20
142968111,9
142968184,3
142968244,4
142968587,2
142969012,8
142969364,20
142969447,1
142969868,9
142970176,4
142971384,1
142971389,1
142972016,26
142972083,59
142972550,1
142973340,1
142973505,23
142973726,1
142973825,3
142973949,442
142974266,5
142974290,4
142974430,1
142974554,2
142974557,6
142974682,21
142974693,11
142974752,3
142974838,6
142975068,2
142975240,13
142975286,133
142975448,2
142975509,6
142975578,1
142975746,3
142975789,22
142976379,424
142976410,39
142976892,11
142977187,1
142977270,5
142977276,42
142977596,11
142977640,5
142977794,3
142977952,1
142977985,3
142978067,24
142978243,4
142978370,46
142978503,136
142978517,17
142978617,4
142978723,13
142978760,33
142979180,3
142979208,1
142979286,28
142979327,26
143085241,24
143085852,13
143086057,8
143086121,14
143086612,2
143086724,1
143086739,22
143086788,16
143086796,114
143086809,1
143086909,32
143087027,111
143087182,122
143087285,3
143087494,312
143088041,10
143088428,1
143088814,3
143089230,5
143089404,5
143089525,17
143089603,3
143089904,14
143089929,1
143090069,3
143090285,66
143090390,1
143090946,5
143095857,10
143191093,72
143191247,6
143191364,14
143191375,4
143191538,20
143192185,1
143192537,2
143192630,1
143192725,5
143193877,1
143194687,262
143194829,61
143195008,50
143195136,11
143195416,13
143195639,22
143195959,1
143196437,2
143196445,32
143196620,21
143196673,3
143196787,1
143196943,1
143197385,8
143197419,38
143197453,13
143197495,498
143197594,22
143197628,1
143298335,1
143298349,13
143298415,37
143298499,10
143298943,9
143298998,6
143299228,108
143299315,3
143299384,65
143299391,2
143299395,13
143299764,79
143299883,48
143302862,2
143303753,6
143304982,7
143306697,70
143306719,11
143306768,24
143306828,3
143307487,58
143307554,9
143307559,4
143307580,1
143307589,19
143307597,69
143307602,275
143307623,3
143307633,15
143307761,27
143307781,1
143307783,97
143307793,554
143307798,14
143307814,24
143307849,8
143307889,6
143307890,84
143307914,11
143307929,29
143307931,25
143307944,11
143307950,7
143307960,25
143307979,550
143308036,27
143308052,1
143308070,2
143308073,70
143308075,14
143308285,3
143308315,4
143308342,13
143308978,1
143309048,445
143309061,12
143309199,22
143309229,85
143309239,17
143309315,1
143309368,10
143309647,120
143309671,151
143309722,89
143309859,7
143309909,8
143309957,38
143309977,604
143310067,1
143310213,86
143310468,1084
143310485,2343
143310654,37
143310821,326
143311029,1
143311338,4
143311377,36
143311414,1
143311455,28
143311486,1
143311575,1
143311618,25
143311634,14
143311782,5
143311838,8
143312337,1
143312399,27
143312508,11
143312538,6
143312965,3
143313014,112
143313036,37
143313058,2
143313385,14
143313814,21
143314383,549
143314621,5
143315032,134
143315041,32
143315489,4
143315553,36
143315822,8
143315919,209
143315987,238
143316181,2
143316261,15
143316385,3
143316413,1
143316419,122
143316421,6
143316700,81
143316717,8
143316894,3
143317059,23
143317065,14
143317110,24
143317487,33
143317604,59
143317778,15
143317843,7
143318054,16
143318167,11
143318244,17
143318314,150
143318357,2
143318367,16
143318442,1
143318659,23
143318768,9
143318968,1
143319100,2
143319125,16
143319430,28
143319567,5
143319803,20
143320291,11
143320374,1
143320392,3
143320558,34
143346766,165
143346787,1
143346894,1
143347152,5
143347202,2
143347309,86
143347517,1
143348304,292
143348333,13
143348495,33
143348717,13
143348860,2
143348926,26
143349446,2
143350099,148
143350586,4
143350641,1
143351135,1
143351614,6
143351762,4
143352760,7
143352864,2
143353029,8
143353492,9
143354170,2
143354461,38
143354543,3
143354648,1
143354714,29
143355079,3
143355126,4
143355249,1
143355260,426
143355335,71
143355941,78
143356133,1
143356503,47
143356872,85
143357678,10
143357879,105
143357967,2
143358265,27
143358342,1
143358574,5
143358914,15
143359067,284
143459739,97
143459837,1
143460582,100
143460736,7
143460769,1
143460816,1
143461333,77
143461696,87
143461793,17
143461847,7
143461967,13
143462017,2
143462054,179
143462092,298
143462588,190
143462665,84
143462873,23
143462992,27
143463466,11
143463785,213
143463809,73
143464512,12
143465908,2
143466162,9
143467005,22
143467299,1
143467686,7
143467741,44
143467972,7
143468051,6
143468066,136
143468177,1
143468385,37
143468626,102
143468791,29
143469149,1
143469328,1
143469336,28
143469747,149
143470021,2
143470274,15
143470509,283
143479276,67
143570922,2
143571034,5
143571058,7
143571085,15
143571326,12
143571370,1
143571782,46
143571924,48
143571980,1
143572067,13
143572485,206
143573883,3
143574274,1
143574469,49
143574487,1
143574489,155
143574535,5
143574769,5
143575217,4
143575333,1
143576099,2
143576367,17
143576643,28
143576954,1
143577142,1
143577288,147
143577340,2
143577538,18
143578686,7
143579433,1
143579496,4
143579578,2
143579713,6
143579717,16
143769025,3
143769316,20
143769701,61
143770332,2
143770542,1
143770913,1
143771036,2
143771379,4
143771474,8
143771708,5
143772236,22
143772281,1
143774456,29
143775236,24
143775509,14
143776813,1
143777077,1
143777739,38
143777800,3
143777803,116
143777819,159
143777898,56
143777954,23
143781746,398
143781752,25
143781798,12
143781866,66
143781893,1
143785663,2
143785760,45
143785770,27
143785775,193
143785800,14
143785809,10
143785812,29
143789605,44
143789628,5
143789683,34
143789691,5
143789711,10
143789725,29
143789729,67
143789768,1
143789836,13
143793901,2
143793984,32
143793990,83
143794027,29
143799048,59
143799051,6
143799997,21
143800104,2
143800108,3
143800113,16
143800142,7
143802927,25
143802939,4
143802974,29
143804700,29
143804752,13
143804775,1
143804812,3
143804831,7
143804834,8
143804848,165
143804900,15
143805780,1
143805841,26
143805860,24
143805867,17
143810062,8
143810074,18
143810083,1
143810085,22
143810132,4
143810197,7
143812498,232
143812514,2
143814542,31
143814547,17
143814557,5
143814573,7
143814596,28
143814629,210
143814644,149
143814648,11
143814650,14
143814652,362
143815169,2
143815475,7
143815531,14
143815602,101
143815621,16
143815664,4
143815667,93
143815677,4
143816263,2
143816315,604
143816348,21
143816365,2
143816407,45
143816419,23
143816451,21
143816721,6
143820163,29
143820178,20
143820189,18
143820262,19
143820281,8
143820375,652
143823019,1
143823237,53
143823266,29
143823267,30
143823344,22
143824109,18
143824152,26
143824207,4
143824247,5
143827802,28
143827861,19
143827879,96
143827995,2
143828020,72
143828025,151
143830674,2
143830773,33
143830801,23
143830804,67
143830847,103
143830878,1
143830898,2
143830910,117
143830925,1
143830946,12
143832250,1
143832321,46
143835848,1
143836184,1
143836212,9
143837012,2
143839066,31
143839949,3
143839971,66
143840011,277
143840050,22
143840120,1
143840124,7
143840132,27
143840918,15
143840933,7
143840962,12
143840999,26
143841057,34
143841060,87
143841388,25
143841398,16
143841444,2
143841447,25
143843028,1
143843046,29
143843062,60
143844761,26
143844796,20
143844825,28
143844839,3
143844899,29
143844932,3
143844983,302
143846752,136
143846781,17
143846855,1
143850630,79
143850638,8
143851427,14
143851495,13
143851496,4
143851507,728
143851525,14
143851542,15
143851547,263
143852624,318
143852627,26
143852631,3
143852797,52
143852799,27
143852855,4
143853571,16
143854669,26
143856435,3
143856506,24
143857530,69
143857544,43
143857642,18
143857647,7
143857683,35
143857700,16
143857704,7
143857706,48
143857727,25
143858331,4
143858351,21
143858425,188
143858428,8
143858773,14
143858882,1
143858911,10
143859718,83
143859792,605
143859962,10
143859998,90
143860028,25
143860032,10
143860084,24
143860090,1
143860139,37
143860186,6
143861728,17
143864154,5
143864189,17
143864240,4
143864257,20
143864278,46
143864323,29
143864855,17
143864897,1
143864901,2
143864926,3
143864951,68
143864997,4
143865023,278
143865036,20
143865048,273
143865346,45
143865357,2
143865407,107
143865456,212
143865465,20
143865498,42
143865514,3
143865523,4
143866804,1
143866839,4
143866860,20
143866895,14
143866902,23
143866945,23
143866991,10
143867011,6
143867021,1
143867037,38
143868053,7
143868133,15
143870082,11
143870132,11
143870139,5
143870165,28
143870211,24
143870311,105
143871078,5
143871086,23
143871113,11
143871120,11
143871132,3
143871141,764
143871152,16
143871168,1
143871200,8
143872637,339
143873258,15
143873269,9
143873325,25
143873379,45
143873400,1
143873432,22
143874570,15
143874588,11
143874625,6
143874639,20
143874648,8
143874654,28
143874665,95
143874676,77
143874703,3
143874739,12
143874774,7
143874823,7
143876237,21
143877111,42
143877131,9
143877151,5
143877180,6
143877189,448
143877698,9
143877733,140
143877854,7
143877880,19
143877884,24
143877896,2
143878432,41
143878444,22
143878478,279
143878494,12
143878499,22
143878533,7
143878546,1
143878547,29
143878575,9
143878587,282
143879793,1
143879825,145
143879895,107
143879900,20
143879940,231
143879963,1102
143880058,1
143880067,217
143881521,10
143881528,89
143881561,48
143881564,4
143881578,1
143881585,39
143881598,48
143881601,3
143881609,15
143881617,1
143881629,25
143881654,4
143881671,12
143881900,18
143881926,10
143881956,19
143881958,11
143881973,9
143881996,7
143882319,1
143883257,2
143958389,35
143958401,4
143958667,1
143958842,242
143958959,22
143959042,20
143959053,6
143959121,461
143959266,3
143959297,8
143959510,5
143959620,18
143960183,18
143960879,144
143960891,1
143961186,1
143961823,3
143962544,7
143963624,232
143963741,8
143963964,127
143963987,8
143964214,10
143965165,21
143965608,2
143965743,18
143965863,22
143965905,1
143967233,7
143967867,4
143968206,115
143968284,18
143968588,23
143968636,17
143968921,68
143969446,9
143969487,5
143969787,2
143969793,3
143969807,1
143969860,5
143970171,6
143970177,23
143970237,2
143970496,36
143970977,30
143971003,260
143971542,7
143971577,6
143971584,3
143971615,27
143971633,2
143971971,25
143972043,47
143972098,149
143972102,3
143972122,2
143972127,17
143972220,25
143972236,12
143972310,47
143972336,17
143972554,180
143972621,11
143972674,85
144047800,9
144048012,9
144048160,2
144048232,4
144048248,17
144048258,52
144048276,105
144048541,11
144048543,13
144048608,37
144048794,6
144048910,7
144048921,2
144048929,6
144049033,6
144049283,198
144049305,24
144049617,33
144049877,92
144049893,2
144050043,18
144050083,393
144050394,96
144050418,9
144050424,2
144050725,4
144051077,1
144051134,17
144051614,9
144051692,1
144051773,2
144051899,5
144052047,5
144052097,1
144052257,5
144052547,9
144053220,1
144053559,26
144053842,383
144054265,5
144054271,10
144054291,1
144054589,2
144055180,13
144055773,112
144055960,145
144056369,1
144056524,292
144056573,22
144057290,83
144057549,168
144057702,8
144057771,2
144058073,199
144058111,231
144058459,18
144058706,1
144058884,4
144059058,1
144059498,8
144059550,119
144059660,41
144059730,6
144060126,25
144060418,3
144060564,21
144060822,11
144060983,4
144060993,4
144061497,8
144061986,76
144062275,5
144062340,10
144062377,1
144063295,2
144063516,3
144064167,23
144066164,255
144066513,5
144066904,9
144067289,80
144068065,40
144068206,4
144069543,1
144071548,7
144079402,14
144081487,69
144087085,26
144099516,123
144099851,1
144100313,2
144100507,2
144100528,2
144100935,20
144232787,15
144240695,1
144242377,1
144270836,3
144271345,1
144272016,28
144272097,1
144273186,28
144274058,2
144274060,4
144274389,56
144274406,1
144274410,49
144274572,242
144274589,9
144274771,1
144274886,13
144275055,388
144275186,1
144293332,5
144452574,1
144452579,1
144456694,2
144466296,12
144467834,1
144468741,230
144475424,1
144475425,6
144477470,41
144477631,21
144478248,4
144478302,21
144478386,59
144478659,57
144478681,12
144479193,130
144479223,2
144479317,5
144479421,2
144479461,122
144479485,4
144485370,1
144485542,1
144485839,9
144486682,1
144487122,8
144487203,1
144487280,4
144487366,27
144487519,11
144487554,125
144588515,1
144588604,1
144588665,30
144588696,9
144588891,8
144589128,5
144589284,6
144589501,1
144590028,7
144590379,27
144591100,312
144591330,45
144592079,8
144592161,114
144592302,92
144592410,1
144592670,130
144592804,2
144593003,1
144593006,2
144593076,5
144593120,103
144593130,1
144593992,18
144719333,1
144719494,144
144720241,9
144720287,739
144720713,2
144720819,11
144721116,2
144721821,258
144721922,158
144722812,36
144722977,1
144722995,149
144723210,6
144723346,1
144723374,65
144723396,13
144723636,3
144723937,14
144723939,160
144723944,3
144723989,406
144724066,4
144724300,37
144724352,2
144724378,21
144724709,1545
144724919,5
144725103,1
144725378,35
144725492,13
144725567,8
144725694,1
144727633,15
144806159,28
144806161,58
144806343,47
144806461,632
144806592,5
144806632,14
144806721,1
144806742,4
144806850,4
144807004,39
144807147,3
144808028,10
144808052,9
144808781,27
144808907,37
144809349,1
144809423,5
144809443,9
144809937,17
144810153,1
144811023,2
144811126,29
144811378,1021
144811396,37
144811458,5
144811561,8
144811868,565
144812168,2
144812283,21
144812450,530
144812478,6
144812536,1
144812566,2
144812648,1
144812870,1
144813201,23
144815491,8
144818848,109
144819028,28
144819337,7
144819623,12
144820754,27
144821119,2
144821359,12
144821561,2392
144822142,1
144822562,2
144822656,1
144823054,213
144823229,26
144823489,1
144823672,5
144824537,18
144824614,1
144824669,25
144824706,2
144824834,41
144824902,13
144909391,35
144925376,10
144925891,95
144926626,2
144926658,4
144926884,140
144927008,2
144927040,18
144927499,2
144928458,44
144928888,26
144929565,1
144929608,13
144930241,88
144931653,4
144931701,65
144931937,3
144932126,28
144932513,48
144932589,1
144932650,63
144932745,13
144932879,6
144933241,58
144933315,56
144933615,3
144933620,9
144933776,26
144933961,29
144934269,9
144934703,5
144934793,1
144934870,42
144934892,263
145035087,19
145035196,4
145036902,4
145037202,6
145037504,16
145037959,1
145037983,18
145039083,9
145039215,9
145039285,12
145040388,4
145040400,8
145135814,16
145136137,207
145136337,2
145136652,513
145137263,4
145137313,31
145137324,25
145137370,6
145137561,9
145138057,128
145138134,852
145138245,12
145238922,1
145238976,2
145242672,16
145243650,4
145243764,56
145243910,32
145245315,192
145245332,10
145245416,1
145245435,2
145345731,26
145358032,2
145359376,14
145359415,25
145359924,15
145462426,11
145462792,8
145462996,12
145464843,7
145465136,2
145465789,3
145466062,3
145466270,33
145466317,3
145467025,26
145467084,22
145467885,651
145468146,7
145468400,12
145468435,201
145469444,2
145469517,141
145469686,111
145469725,288
145470285,15
145470637,28
145470654,2
145470713,1
145470723,1
145470752,56
145476723,6
145576003,15
145579084,29
145579803,4
145580140,28
145580359,2
145580859,14
145580997,23
145582220,1
145683000,1
145684181,8
145684982,1
145685822,233
145685845,11
145685856,71
145685866,2
145685938,33
145686177,24
145686251,7
145686581,89
145686582,23
145686896,3
145686900,48
145686922,111
145687111,13
145687125,82
145687148,1
145687162,69
145687201,39
145687428,17
145687477,7
145688116,8
145688157,47
145688187,53
145688188,7
145688190,2
145688525,5
145688808,9
145688812,4
145688851,17
145688852,4
145688856,11
145688863,12
145688872,94
145689150,5
145689151,33
145689186,11
145689224,3
145689480,185
145689482,17
145689494,3
145689513,27
145689566,6
145689584,72
145689820,219
145689822,2
145689866,34
145689876,16
145689889,16
145689934,6
145690019,199
145690028,15
145690106,1
145690209,27
145690484,64
145690572,15
145690576,3
145690590,1122
145690604,16
145690830,3
145690869,2
145690947,76
145692039,14
145692345,12
145692480,7
145692577,443
145692779,4
145693423,1
145693723,26
145693742,6
145693783,38
145693786,26
145693790,6
145693852,18
145693908,1
145693932,54
145693998,18
145694075,58
145694095,22
145694109,17
145694149,1
145694163,13
145694173,15
145694189,92
145694198,1
145694239,3
145694260,26
145694280,81
145694308,22
145694330,5
145694503,74
145694558,3
145694710,25
145694795,2
145694801,2
145694807,615
145694835,6
145694885,16
145694966,7
145695048,14
145695083,1
145695097,5
145695117,11
145695121,3
145695160,33
145695188,3
145695210,13
145695213,1
145695218,4
145695232,62
145695239,7
145695245,7
145695260,1
145695263,5
145695280,9
145695290,5
145695301,191
145695328,57
145695337,5
145695340,23
145695356,18
145695401,156
145695408,2
145695436,8
145695461,3
145695462,37
145695483,20
145695489,7
145695524,579
145695538,16
145695568,1
145695584,2
145695662,55
145695715,41
145695717,5
145695767,29
145695773,22
145695790,6
145695866,13
145695870,21
145695879,19
145695959,103
145695973,5
145695990,2
145695996,12
145696130,5
145696149,23
145696171,26
145696213,15
145696244,53
145696252,94
145696294,109
145696297,6
145696305,96
145696319,8
145696325,14
145696484,28
145696585,28
145696589,10
145697028,10
145697041,57
145697083,30
145697184,153
145697210,24
145697381,1
145697383,28
145697466,38
145697512,144
145697527,7
145697553,66
145697569,8
145697594,1
145697753,17
145697774,27
145697788,332
145697847,27
145697870,10
145697875,4
145697888,25
145697889,15
145697921,285
145697990,17
145698063,27
145698067,9
145698101,31
145698118,23
145698150,25
145698164,29
145698168,247
145698283,19
145698304,25
145698386,3
145698404,14
145698424,52
145698470,145
145698486,28
145698628,13
145698638,4
145698682,20
145698727,3
145698736,4
145698759,5
145698774,1
145698796,18
145698818,44
145698889,344
145698911,16
145698972,1535
145698978,3
145698989,2
145698997,5
145699002,34
145699028,9
145699040,546
145699057,174
145699084,28
145699173,9
145699232,41
145699285,34
145699308,6
145699317,35
145699331,34
145699367,25
145699397,2
145699441,1
145699446,6
145699485,33
145699560,10
145699562,123
145699563,12
145699600,2
145699620,3
145699677,328
145699702,71
145699721,2
145699746,1
145699803,382
145699809,24
145699827,20
145699870,7
145699895,319
145699941,22
145699991,72
145700019,327
145700080,20
145700109,4
145700110,11
145700117,16
145700136,161
145700158,3
145700198,11
145700235,20
145700243,6
145700262,32
145700266,624
145700291,25
145700435,10
145700439,19
145700469,13
145700480,22
145700553,5
145700558,9
145700561,15
145700565,57
145700584,14
145700601,67
145700608,10
145700684,15
145700733,166
145700745,59
145700755,9
145700760,54
145700829,36
145700881,13
145700900,9
145701005,29
145701061,4
145701084,8
145701121,391
145701127,1
145701128,12
145701146,18
145701163,5
145701313,16
145701342,40
145701346,42
145701371,11
145701379,430
145701396,24
145701434,1
145701435,6
145701506,12
145701582,7
145701651,5201
145701690,22
145701772,22
145701793,5
145701803,2
145701857,6
145701871,6
145701888,1
145701919,17
145701944,6
145701948,14
145701992,76
145701995,37
145702015,24
145702069,9
145702086,18
145702131,1
145702177,67
145702200,13
145702201,4
145702229,3
145702244,9
145702286,44
145702290,4
145702296,57
145702360,69
145702379,1
145702440,4
145702461,11
145702533,10
145702546,6
145702614,53
145702633,6
145702654,114
145702679,4
145702732,8
145702864,11
145702956,6
145703020,14
145703022,178
145703074,92
145703091,4
145703179,6
145703279,21
145703361,2
145703405,17
145703437,71
145703489,1
145703493,1
145703529,32
145703617,12
145703653,34
145703694,18
145703748,38
145703780,4
145703784,253
145703790,1
145804314,41
145806436,7
145806682,18
145807691,1
145808403,1
145910140,7
145910289,27
145910326,29
145910479,3
145912550,6
145913503,170
145913567,87
145914596,1
145914776,5
145914802,1
145918074,2
145919242,3
145919273,5
146022078,18
146022305,3
146025838,31
146029020,7
146029558,2
146030892,12
146032212,17
146130264,22
146143918,51
146144750,169
146145129,41
146145782,12
146145862,2
146145957,4
146146828,23
146147443,35
146147991,7
146148575,8
146148870,9
146149170,14
146149926,62
146150650,28
146150899,210
146252778,19
146253231,306
146253756,12
146253963,17
146254467,16
146255040,5
146255232,11
146257215,3
146358982,10
146359445,28
146359777,2
146360019,1
146360100,43
146362268,8
146363302,2
146464652,3
146464875,4
146464964,49
146465169,30
146465419,11
146465452,25
146465577,3
146465876,53
146466078,10
146468271,36
146468584,3
146470465,5
146472243,1
146472296,21
146480862,3
146572460,1
146572479,34
146572726,9
146573086,58
146573743,51
146574788,2
146575044,819
146575260,2
146575702,3
146576288,21
146576730,48
146577921,1
146577968,13
146707642,2
146708005,15
146708060,4
146708473,37
146708811,26
146709102,9
146709854,10
146710995,21
146711173,39
146711328,1894
146711420,6
146711670,12
146712125,214
146712169,17
146712254,50
146712378,27
146712632,4
146712784,80
146712797,1
146713115,4
146713311,6
146713647,21
146713653,11
146713796,44
146713868,13
146714102,353
146714326,31
146714352,8
146714367,72
146714428,12
146714433,6
146714564,6
146714792,11
146714921,15
146715020,1
146715221,1
146715244,9
146715267,184
146823280,6
146824250,5
146824398,13
146824719,20
146900528,2
146900580,8
146900832,21
146901810,5
146902415,74
146902613,8
146902676,111
146902839,75
146904261,1
146904457,100
146904597,82
146904762,1
146905097,47
146905098,6
146905395,1
146905409,2
146906271,6
146906519,19
146906929,221
146907119,56
146907163,1
146907280,1
146907714,2
146908066,14
146908201,27
146908375,5
146909115,1
146909628,16
146910472,23
146910546,119
146910614,6
146911592,2
146912100,11
146912191,6
146912237,6
146912238,546
146912272,14
146913289,1
146913290,26
146913327,2
146913505,15
147062818,17
147065136,14
147066130,31
147068266,1
147068328,19
147069403,23
147185542,16
147220339,1
147220430,1
147220555,3
147220567,22
147220856,291
147221013,1
147221180,68
147221249,39
147221854,38
147221997,17
147222097,6
147222149,90
147222203,2
147222239,42
147222424,28
147222453,630
147222628,2
147222756,23
147222757,1
147223128,11
147223348,147
147223435,6
147223523,2
147223634,1
147223716,18
147223873,26
147223912,12
147223913,34
147223961,23
147223990,1
147224072,14
147224216,1
147224351,37
147224584,381
147224659,21
147224808,2
147224869,1
147224903,24
147224928,13
147224937,26
147225047,4
147225256,5
147225422,12
147225631,6
147226212,117
147226223,2
147226337,26
147376731,97
147376741,1
147376777,16
147376828,396
147376854,5
147377193,1
147377279,1
147377287,19
147377417,8
147377452,1
147377456,3
147377635,2
147428264,1
147428303,5
147428919,70
147429171,13
147430277,29
147430825,1
147431196,1587
147431670,25
147432609,3
147432989,2
147433005,3
147433317,4
147434354,22
147435486,1
147435772,5
147436570,18
147436611,3
147437293,1
147438006,6
147438220,2
147438862,65
147439468,2
147439532,2
147439616,7
147440062,20
147440911,1
147472168,25
147473614,4
147473998,21
147474088,38
147474740,6
147474950,5
147575641,217
147575659,24
147575683,6
147575698,4
147575749,8
147575967,22
147576515,33
147577527,5
147577628,1
147577981,1
147578426,1
147579092,2
147579176,8
147579198,18
147579208,2
147579269,29
147579286,81
147579293,15
147579313,107
147579328,13
147579357,2104
147579376,316
147579485,2
147579552,84
147579585,12
147579622,2
147579695,25
147579744,5
147579746,152
147579808,1056
147579836,6
147579864,26
147579869,25
147579870,2
147579889,1
147579898,1
147579923,71
147579972,14
147579979,66
147579985,21
147580018,390
147580046,4
147580058,22
147580148,6
147580322,6
147580333,65
147580341,12
147580344,7
147580370,1
147580427,12
147580472,54
147580512,12
147580521,16
147580569,247
147580603,27
147580630,6
147580645,106
147580662,21
147580674,27
147580786,66
147580806,618
147580826,898
147580831,3
147580835,24
147580961,25
147580967,4
147580968,106
147580993,53
147580997,15
147581005,14
147581016,1
147581077,24
147581106,1
147581120,15
147581173,30
147581297,18
147581300,171
147581325,56
147581355,1
147581407,9
147581420,4
147581499,23
147581587,2
147581604,19
147581644,83
147581648,62
147581669,221
147581698,14
147581712,46
147581781,15
147581847,26
147581915,2
147581936,5
147582050,792
147582055,23
147582063,9
147582065,26
147582067,8
147582157,1
147582160,2
147582161,5
147582168,6
147582220,3
147582348,1
147582372,10
147582380,3
147582475,1
147582493,14
147582498,125
147582516,89
147582546,3
147582563,1
147582566,29
147582746,4
147582751,11
147582802,5
147582828,20
147582852,1
147582858,10
147583044,40
147583071,2
147583092,6
147583097,27
147583101,27
147583116,29
147583156,3
147583171,12
147583200,2
147583215,6
147583242,1
147583255,98
147583345,18
147583346,26
147583386,109
147583410,28
147583429,205
147583445,95
147583511,1
147583570,71
147583574,26
147583581,19
147583729,83
147583756,1
147583773,9
147583778,25
147583818,198
147583835,9
147583849,11
147583890,2
147583913,101
147584003,289
147584024,2
147584026,24
147584060,1
147584114,2
147584273,64
147584449,87
147584485,209
147584516,135
147584613,3
147584656,24
147584668,27
147584677,11
147584741,78
147584745,1439
147584770,2
147584886,11
147584892,3
147584965,10
147584986,17
147584993,19
147585048,14
147585065,2
147585096,58
147585159,13
147585175,2
147585283,8
147585298,10
147585316,3
147585327,3
147585406,34
147585418,1
147585428,121
147585436,25
147585444,17
147585449,59
147585452,60
147585454,16
147585518,14
147585564,9
147585585,36
147585613,37
147585645,82
147585705,1
147585715,327
147585717,16
147585741,10
147585766,213
147585782,34
147585831,46
147585877,2
147585964,3
147586106,17
147586135,22
147586150,1
147586186,6
147586222,8
147586226,9
147586245,30
147586288,34
147586299,6
147586345,37
147586520,56
147586609,339
147586672,14
147586673,1401
147586679,26
147586724,21
147586848,398
147586856,9
147586891,51
147586998,19
147587032,5
147587065,3
147587098,349
147587157,213
147587159,8
147587182,3
147587194,82
147587198,9
147587220,43
147587273,64
147587352,15
147587462,401
147587491,2
147587533,6
147587552,5
147587629,14
147587635,5
147587638,32
147587662,155
147587774,27
147587893,6
147587899,85
147587913,3
147587980,25
147588042,2
147588057,53
147588076,14
147588094,14
147588110,319
147588118,2
147588134,19
147588142,29
147588150,31
147588195,108
147588197,427
147588265,27
147588269,7
147588271,2
147588305,1
147588313,3
147588330,6
147588335,3
147588362,5
147588388,5
147588393,2
147588418,12
147588427,340
147588438,1
147588476,6
147588579,13
147588599,96
147588621,39
147588657,32
147588660,2
147588747,11
147588763,20
147588830,10
147588863,21
147588922,20
147588923,3
147588984,14
147588985,19
147589063,24
147589090,78
147589121,4
147589123,2
147589135,253
147589164,7
147589169,59
147589290,1
147589577,46
147589656,46
147589734,19
147589735,11
147589809,26
147589995,496
147590335,8
147590435,12
147591063,82
147591093,5
147592135,2
147592342,6
147592495,29
147592918,20
147593016,1
147593177,50
147593336,97
147593410,113
147593430,65
147593507,17
147593630,12
147593815,1
147594825,20
147596384,2
147597445,937
147597493,1
147597568,11
147597617,140
147597657,3
147597670,1
147598237,139
147598434,398
147598605,8
147700492,39
147700869,8
147701723,81
147701936,2
147702006,499
147702049,108
147702275,43
147702543,1
147703390,21
147703440,21
147704170,8
147704203,6
147779427,1
147779647,105
147779936,2
147781227,1071
147782129,22
147782210,19
147782990,141
147783372,53
147784008,4
147784297,11
147830026,285
147830427,1
147831285,18
147831682,3
147831929,133
147832035,1
147832298,72
147832472,1
147834335,20
147834678,2
147834720,20
147834772,2
147929000,57
147930207,54
147945672,1
147945707,1
147945922,948
147946612,44
147947404,2
147947856,5
147948197,4
147949273,5
147949281,3
147949479,2
147949814,1
147949905,32
147949959,14
147950370,3
147950388,3
147950408,124
147950422,341
147950699,10
147950811,2
147950910,6
147951013,11
147951758,4
147951962,21
147951995,3
147952074,256
147952133,6
147952174,2
147952198,27
147952245,2
147952284,1
147952297,27
147952341,5
147952678,11
147952928,3
147952970,4
147953278,16
147953371,24
147953908,1
148079698,12
148081257,11
148081473,130
148081573,7
148081880,1
148081961,15
148082074,10
148083297,3
148084564,41
148215451,13
148216116,1
148216484,1
148216673,1
148216942,92
148217321,1
148217483,4
148217693,3
148218180,3
148219125,1
148219415,19
148219447,20
148219449,48
148219515,2
148219712,10
148220129,11
148221504,7
148221669,2
148222647,24
148223029,1
148223156,9
148223919,1184
148223924,71
148224446,19
148224777,2
148240203,29
148240239,3
148240485,2
148254018,2
148254587,11
148254642,2
148255485,62
148255560,15
148340451,23
148355822,22
148357021,237
148357066,25
148357177,18
148357402,11
148358438,11
148358525,3
148358732,22
148359068,5
148359074,81
148359160,27
148359255,1
148359703,1
148359793,25
148359987,317
148360322,1
148360363,2
148360408,26
148360428,1
148360959,1
148361226,1
148481714,21
148481834,28
148482090,4
148482214,28
148482670,71
148482711,1820
148482800,35
148482812,16
148482982,20
148483075,3
148483160,10
148483291,14
148484143,20
148484228,22
148484278,227
148484280,16
148484398,193
148484521,120
148484542,5
148484914,68
148491394,8
148491453,1
148491569,36
148492203,28
148492324,1
148493033,152
148648484,21
148648531,29
148652347,2
148657376,7
148658749,1
148661863,21
148671258,3
148674215,2
148675947,61
148676278,185
148677359,2
148677824,8
148828189,20
148828501,21
148828583,6
148828691,37
148829393,3
148829432,2
148829661,6
148830352,25
148830621,7
148830680,3
148831178,15
148831409,4
148831951,12
148967904,25
148968092,65
148968503,3
148968525,276
148970366,1
148970920,8
148971772,5
149123632,20
149126773,14
149126964,26
149127513,6
149127799,5
149128322,11
149129212,44
149129488,1
149129503,79
149129861,13
149130157,3
149130629,1
149130759,4
149130783,9
149131239,55
149131377,230
149131665,16
149131673,324
149131746,3
149132545,107
149132574,21
149132590,3
149132653,11
149132684,7
149132750,8
149132840,27
149132921,55
149133215,35
149133343,2
149183496,8
149183504,9
149183534,4
149183546,162
149183581,23
149184134,3
149184250,25
149184334,39
149184571,9
149184848,54
149184853,6
149185096,79
149185183,10
149185970,24
149186179,20
149186239,1
149186666,1
149186733,209
149186889,4
149186893,2
149186902,16
149187170,10
149187972,4
149188012,112
149268073,4
149268087,2
149268217,88
149268647,5
149268686,106
149268823,1
149268935,1
149269289,26
149269331,2
149270259,2
149270851,8
149271567,46
149271605,27
149272188,23
149272381,6
149272653,61
149272876,243
149353134,101
149354237,2
149354375,2
149354847,6
149356049,635
149356283,122
149356973,33
149357112,11
149357314,85
149432562,1
149432998,6
149434171,5
149434560,3
149434955,1
149434992,9
149435305,237
149435760,3
149436185,40
149436511,15
149436607,24
149437216,172
149437304,13
149437739,4
149438388,1
149438930,10
149438993,50
149439181,188
149439838,2
149439985,55
149511150,311
149516545,1
149516786,33
149516802,1
149517038,19
149517177,12
149517236,1
149517436,414
149517986,15
149518191,2
149518549,15
149518894,6
149519388,13
149519524,5
149519566,60
149519759,1
149519786,19
149519836,5
149620723,2
149620959,11
149620976,3
149621708,43
149622430,4
149622913,65
149623847,3
149623946,74
149623952,18
149624224,24
149624275,1
149624307,6
149624390,2
149624605,2
149624737,27
149695301,10
149695803,22
149695839,7
149696610,3
149697205,26
149697517,27
149697858,3
149698146,1
149698158,2
149698470,6
149698616,3
149699162,59
149699477,10
149701934,2
149701978,1
149702153,6
149702191,68
149702238,23
149702348,3
149702748,1
149702790,2
149702798,2
149702939,401
149702942,1
149703037,42
149703225,6
149703565,1
149703765,10
149703896,5
149703934,195
149704120,4
149704605,29
149704624,31
149704921,230
149704923,13
149705279,2
149705287,2
149705375,23
149705957,5
149706041,2
149706094,29
149706098,1
149706217,1
149706404,12
149706455,1
149706459,9
149706551,101
149706574,17
149706580,29
149706826,80
149706863,12
149706867,2
149707021,4
149707065,28
149707338,496
149707423,23
149707486,15
149707533,2
149707575,1
149707880,20
149707881,104
149708401,12
149708702,86
149708863,1
149708871,450
149709117,42
149709157,542
149709305,20
149709311,1
149709391,27
149709556,156
149709671,11
149709711,1
149709911,7
149709966,1
149710113,252
149710120,4
149710159,30
149710236,61
149710436,12
149710575,19
149710578,17
149710726,4
149710783,1
149710787,10
149710923,2
149710925,6
149711054,19
149711304,6
149711306,420
149711335,20
149711405,29
149711796,336
149712206,5
149712342,20
149712961,32
149712973,8
149712989,21
149713038,1
149713081,29
149713090,4
149713108,3
149713116,173
149713917,19
149714014,17
149714265,5
149714684,5
149714687,35
149714842,17
149715136,209
149715267,45
149715326,11
149715329,3
149715468,5
149716135,23
149716317,40
149716319,158
149716464,105
149716554,10
149716647,11
149716727,46
149716827,15
149716883,104
149717179,26
149717302,2
149717499,13
149717714,28
149717759,14
149717881,3
149718426,11
149718490,82
149718562,609
149718563,1
149718654,33
149718727,7
149718733,22
149718789,5
149718879,13
149719064,21
149719066,2
149719114,3
149719468,2
149719579,6
149719614,4
149719985,2
149720062,14
149720087,3
149720088,52
149720442,20
149720869,64
149721468,26
149721557,7
149721561,27
149721662,1
149721703,1
149721744,11
149721778,27
149721843,1
149721931,139
149722262,2
149722411,10
149722629,415
149722923,4
149723009,20
149723010,14
149723152,17
149723385,19
149723392,294
149723635,1
149723903,20
149724000,1
149724256,127
149724262,2
149724356,115
149724400,4
149724551,1
149724773,1
149724952,120
149725008,449
149806315,104
149807146,5
149808053,197
149808335,445
149808378,2
149808418,8
149808468,6
149808495,14
149809261,7
149809962,7
149810328,7
149810766,68
149890931,95
149891004,7
149891008,86
149891071,243
149891480,40
149892915,36
149892989,32
149893254,17
149893550,5
149893902,3
149894162,2
149894349,23
149894531,42
149894935,4
149895878,9
149895931,7
149896042,62
149896053,225
149896140,110
149896152,35
149896289,26
149896336,4
149896366,1
149896439,14
149896543,10
149896817,145
149896953,7
149896964,121
149896984,63
149897231,390
149897617,4
149897742,9
149897839,81
149897960,1
149898438,23
149898579,23
149898674,71
149898718,2
149898738,22
149899306,9
149899506,9
149899730,31
149899791,5
149899982,48
149900512,16
149900524,74
149900795,15
149901736,17
149901747,17
149901799,28
149901857,4
149902919,1
149903521,6
149904116,16
149904117,26
149904444,83
149904557,18
149904921,11
149907027,248
149907264,289
149907350,22
149907757,10
149907795,114
149907886,26
149907970,570
149908462,104
149909963,26
149909990,1
149910438,18
149910625,72
149911342,5
149911977,1
149912338,29
149912411,23
149913204,1
149913634,335
149913808,5
149914129,7
149914183,57
149914792,151
149915062,19
149915347,339
149915375,21
149915393,2
149915399,10
149915558,13
149916053,19
149916105,42
149916110,212
149916135,85
149916136,2
149916267,1
149916595,6
149916685,284
149916891,16
149916930,23
149916931,83
149916963,3
149916980,6
149917652,67
149917657,105
149917681,31
149917685,1
149917754,9
149917755,36
149918455,379
149918457,8
149918486,66
149918536,1
149918604,5
149919315,58
149919550,8
149920118,41
149920383,5
149920789,17
149920855,17
149920862,15
149920908,14
149920934,4
149921324,3
149921677,7
149921748,17
149922424,14
149922435,1
149922495,1
149922496,2
149923185,12
149923299,146
149923301,137
149923318,187
149923950,17
149923954,16
149923980,3
149964236,16
149969072,9
149969166,5
149969425,4
149970042,10
149970364,19
149971353,17
149972949,4
149973349,4
149973541,78
149973946,81
149974181,20
149974215,3
149974216,2
149974225,2
149974242,1
149974244,25
149974269,9
149974282,3
149974316,4
149974320,11
149974448,1
149974454,1
149974582,18
149974600,9
149974632,431
149974709,12
149974713,58
149974759,26
149974856,3
149974920,62
149974944,26
149974958,65
149974973,2
149975012,275
149975038,9
149975060,27
149975114,434
149975191,5
149975194,5
149975195,14
149975214,21
149975254,9
149975279,154
149975340,6
149975370,7
149975413,14
149975428,18
149975459,61
149975466,60
149975471,11
149975483,45
149975485,11
149975501,67
149975593,117
149975615,46
149975655,36
149975708,30
149975731,1
149975734,5
149975757,13
149975760,4
149975791,18
149975839,1
149975939,1
149975963,10
149975994,21
149976037,1
149976144,20
149976157,5
149976158,61
149976161,20
149976172,3
149976238,34
149976258,24
149976260,76
149976317,1
149976322,14
149976334,96
149976563,6
149976574,1
149976583,282
149976597,132
149976620,15
149976690,14
149976768,3
149976810,9
149976812,2
149976836,2
149976933,130
149976937,5
149976961,82
149976984,29
149977053,5
149977090,4
149977100,7
149977116,2
149977179,2
149977230,60
149977236,20
149977284,65
149977383,2
149977394,9
149977418,39
149977448,4
149977486,236
149977531,203
149977559,4
149977577,53
149977590,2
149977779,54
149977804,42
149977838,3
149977849,9
149977898,27
149977914,154
149977925,3
149977940,160
149977977,32
149977999,41
149978056,3
149978080,24
149978084,5
149978095,9
149978102,2
149978204,19
149978385,9
149978411,79
149978430,16
149978531,5
149978548,7
149978613,9
149978711,15
149978761,42
149978798,159
149978818,2
149978873,115
149978878,9
149978906,1
149978920,52
149978924,243
149978942,3
149978956,48
149978973,1
149979035,40
149979078,5
149979166,88
149979202,2
149979209,5
149979212,189
149979240,1
149979279,140
149979342,8
149979460,120
149979478,291
149979487,41
149979532,29
149979543,29
149979549,1
149979557,541
149979626,21
149979629,12
149979634,37
149979663,6
149979676,27
149979685,59
149979759,2
149979764,23
149979766,1
149979792,24
149979840,1
149979854,14
149979930,363
149980002,189
149980069,4
149980087,221
149980161,55
149980195,12
149980213,1738
149980223,11
149980226,1
149980271,10
149980397,4
149980412,45
149980443,3
149980492,25
149980509,4
149980520,84
149980636,173
149980657,20
149980676,6
149980682,10
149980690,6
149980709,7
149980733,3
149980837,1
149980964,1
149980979,4
149981003,78
149981075,5
149981081,18
149981089,21
149981187,29
149981233,116
149981237,11
149981279,226
149981299,8
149981373,29
149981389,13
149981452,438
149981496,5
149981528,5
149981624,9
149981714,20
149981720,13
149981724,1
149981757,454
149981758,592
149981799,83
149981807,49
149981825,19
149981845,83
149981878,56
149981886,34
149981902,433
149981979,345
149982004,3
149982008,6
149982023,28
149982043,145
149982060,199
149982122,10
149982182,14
149982205,129
149982214,34
149982236,36
149982273,34
149982305,7
149982306,23
149982378,3
149982447,12
149982489,168
149982583,26
149982634,237
149982707,1778
149982753,10
149982779,102
149982828,16
149982835,48
149982863,1017
149982884,10
149982914,428
149982919,1
149982920,1
149982944,70
149982984,5
149983030,4
149983047,20
149983078,20
149983143,4
149983151,63
149983180,24
149983309,2
149983459,23
149983486,25
149983500,2
149983605,28
149983637,15
149983639,158
149983732,83
149983739,10
149983740,6
149983760,58
149983780,43
149983790,3
149983822,6
149983832,83
149983875,5
149983890,10
149983970,280
149983992,72
149983995,36
149984039,8
149984057,11
149984067,10
149984074,1
149984141,27
149984357,29
149984420,14
149984472,1
149984487,15
149984534,3
149984610,20
149984611,29
149984669,8
149984709,20
149984727,10
149984744,12
149984754,4
149984759,3
149984833,17
149984854,36
149984860,39
149984884,21
149984915,6
149984921,129
149984944,7
149985131,5
149985164,8
149985175,11
149985288,5
149985339,122
149985449,163
149985469,21
149985472,2
149985483,6
149985517,1
149985527,25
149985537,19
149985547,5
149985549,37
149985625,5
149985628,7
149985632,2
149985660,16
149985696,9
149985731,1
149985765,3
149985867,3
149985909,1
149985933,8
149985966,7
149986105,4
149986134,4
149986193,17
149986253,6
149986266,7
149986285,28
149986289,106
149986297,120
149986322,50
149986354,2
149986366,32
149986465,20
149986514,51
149986540,36
149986577,3
149986604,5
149986653,1
149986779,70
149986785,310
149986786,2
149986836,88
149986927,4
149987051,4
149987088,32
149987299,4
149987367,1
149987413,94
149987442,2
149987452,9
149987453,34
149987468,347
149987488,16
149987492,98
149987500,14
149987536,49
149987620,25
149987711,26
149987757,23
149987769,18
149987772,2
149987848,247
149987850,52
149987893,117
149987944,2
149987967,42
149987992,6
149988141,91
149988149,4
149988425,9
149988429,580
149988462,187
149988494,23
149988541,81
149988585,1
149988612,32
149988621,155
149988669,9
149988707,2
149988740,1
149988797,34
149988843,15
149988917,59
149988987,1
149989009,27
149989025,9
149989042,7
149989063,170
149989192,282
149989250,16
149989378,382
149989382,130
149989409,4
149989474,2
149989566,3
149989617,11
149989628,24
149989678,11
149989732,75
149989836,3
149989864,8
149989929,9
149989952,72
149989986,3
149989991,603
149990005,10
149990014,2
149990066,44
149990161,225
149990181,97
149990306,6
149990339,1
149990368,4
149990416,8
149990504,10
149990627,44
149990642,32
149990655,1210
149990678,159
149990784,35
149990788,34
149990876,32
149990951,47
149990960,30
149991103,80
149991123,24
149991270,7
149991295,2
149991316,14
149991321,8
149991356,31
149991358,11
149991359,41
149991545,1
149991631,53
149991650,5
149991659,1
149991685,14
149991686,18
149991742,48
149991781,5
149991851,4
149991875,477
149992121,19
149992182,14
149992245,257
149992300,31
149992375,26
149992382,7
149992402,16
149992434,25
149992435,48
149992442,303
149992460,31
149992490,23
149992536,31
149992591,30
149992626,39
149992732,1
149992733,72
149992886,21
149992934,3
149993000,34
149993045,6
149993047,90
149993099,16
149993125,1
149993147,139
149993185,22
149993191,5
149993205,111
149993231,46
149993344,2
149993352,73
149993530,114
149993572,22
149993856,58
149993883,15
149994091,25
149994098,3
149994131,12
149994132,7
149994153,10
149994180,127
149994195,43
149994364,6
149994481,1
149994486,58
149994580,3
149994663,68
149994906,2
149994958,25
149994962,10
150000014,10
150000443,1
150000446,2
150001439,4
150001640,2
150002528,3
150002736,1
150003094,28
150003125,1
150005335,16
150006948,16
150006974,1
150007025,84
150007059,2
150007079,1
150007354,13
150007431,9
150007526,3
150007557,1
150007571,1
150007717,14
150007785,12
150007839,18
150007841,2
150007843,20
150007947,11
150008125,29
150009148,12
150009154,3
150009505,2
150009553,20
150009712,26
150009800,17
150010111,3
150010851,156
150011281,1
150011763,1
150012124,3
150012126,9
150012493,28
150012568,28
150113222,51
150113412,36
150113740,10
150114282,194
150114720,9
150114732,13
150115410,4
150116122,5
150116124,4
150116411,16
150116744,14
150216938,1
150217412,3
150218286,1
150218421,49
150219293,1
150219444,4
150220291,24
150280722,60
150280924,1
150281186,25
150281217,14
150281574,240
150281650,25
150282127,11
150282310,193
150282870,1
150282897,60
150282898,50
150282982,5
150283022,978
150283034,100
150283050,813
150283285,72
150283345,4
150283469,1
150283538,20
150283552,5
150283557,57
150283876,7
150284413,2
150284815,2
150340501,117
150343757,22
150344685,77
150354809,27
150355405,67
150356396,23
150356397,18
150356715,48
150356800,40
150357448,2
150357457,1
150357516,62
150357538,127
150357827,19
150358322,32
150358402,11
150358610,1
150358944,3
150419308,6
150419432,24
150419461,65
150419629,79
150419848,3
150419850,91
150419953,2
150419954,3
150420051,88
150420080,2
150420143,6
150420152,8
150420191,498
150420314,7
150420468,1
150420537,8
150420578,10
150420598,19
150420711,259
150420783,267
150420995,14
150421021,5
150421084,3
150421200,24
150421338,2
150421449,5
150421487,31
150421568,10
150421586,3
150421685,22
150421751,6
150433990,18
150459341,8
150461242,7
150465707,14
150472553,41
150478458,22
150478714,71
150478963,6
150481660,6
150484407,18
150485106,35
150485151,38
150485170,4
150485318,54
150485370,798
150485407,2
150485425,35
150485477,16
150485523,23
150485603,6
150485624,7
150485678,5
150485694,11
150541112,3
150541351,4
150541859,112
150541887,1
150543031,3
150543820,22
150543847,6
150543861,43
150543897,18
150544000,179
150544006,38
150544105,105
150544169,132
150544210,9
150544226,35
150544557,19
150544561,29
150544564,11
150544769,36
150544772,56
150544807,65
150544824,20
150544862,21
150544904,9
150544993,68
150545116,27
150545271,11
150545375,15
150545397,9
150545513,1
150545580,6
150545584,1
150545585,2
150546002,191
150546397,1
150546440,4
150546480,67
150546512,83
150546620,642
150546625,27
150546654,6
150546830,74
150547082,14
150547151,6
150547387,18
150547433,33
150547435,1
150547476,1
150547707,31
150547710,15
150547866,60
150547873,15
150548155,6
150548314,23
150548327,22
150548401,40
150548893,259
150548895,14
150548930,22
150549041,60
150549105,3
150549108,39
150549131,9
150549233,7
150549277,23
150549388,26
150549558,13
150549666,20
150549791,10
150550348,29
150550400,46
150551023,2
150551246,2
150551382,23
150551414,6
150551418,879
150551528,1
150551763,104
150551765,21
150551843,2
150552150,52
150552196,294
150552255,3
150552470,19
150552605,21
150552608,23
150552642,18
150552798,21
150553271,14
150553417,13
150553442,64
150553482,13
150553486,216
150553687,4
150553783,48
150554121,1
150554246,299
150554504,8
150554512,8
150554798,44
150554904,1485
150554978,2
150555039,1
150555417,1
150555469,43
150555700,27
150555848,57
150555888,25
150555955,5
150555987,5
150556025,604
150556608,13
150556747,21
150556954,19
150557061,123
150557337,16
150557517,3
150557518,25
150557549,32
150557617,25
150558066,6
150558243,36
150558345,14
150558451,137
150559007,98
150559413,19
150559448,29
150559997,256
150560000,14
150560014,7
150560154,113
150560637,10
150561175,3
150561231,28
150561247,19
150561391,1
150561502,46
150561701,21
150561798,13
150562068,103
150562072,19
150562290,95
150562346,36
150562487,192
150562659,179
150562737,18
150562876,20
150563126,133
150563163,2
150563193,19
150563303,6
150563325,1
150563367,18
150563497,67
150563570,202
150563698,6
150563782,128
150563915,5
150564027,246
150564062,13
150564101,6
150564213,21
150564248,30
150564252,51
150564314,28
150564759,18
150564869,8
150565136,9
150565247,191
150565319,15
150565598,71
150565658,21
150565662,12
150565938,10
150566380,4
150566444,1
150566464,13
150566469,56
150566508,50
150566620,5
150566635,124
150566680,4
150567084,5
150567527,1
150567643,14
150568681,9
150569511,9
150569545,5
150569683,25
150569896,17
150569935,58
150569940,77
150569994,3
150570002,361
150570048,68
150570072,258
150570155,72
150570249,20
150570284,39
150570545,2
150571049,13
150571136,5
150571179,6
150571276,24
150571311,15
150571585,22
150571589,22
150571894,1
150572112,10
150572135,6
150572289,24
150572421,1
150572565,14
150572937,3
150573104,6
150573113,6
150573198,1
150573207,57
150573291,6
150573367,204
150573427,3
150573597,27
150574039,50
150574314,9
150574460,163
150574809,4
150574917,20
150575414,5
150575527,40
150575586,10
150575811,18
150575813,52
150575858,101
150575921,10
150576571,55
150576596,1
150576798,3
150576925,118
150577034,40
150577054,12
150577825,397
150577827,50
150577884,81
150577886,53
150577890,4
150578023,315
150578063,100
150578168,5
150578173,148
150578564,94
150578627,4
150579022,9
150653644,17
150654540,9
150654900,4
150654970,34
150655002,4
150655205,3
150656428,10
150656947,1
150657304,44
150657556,4
150657581,4
150657594,1
150658045,397
150658155,2
150658557,77
150658826,54
150658873,24
150759017,24
150759030,8
150759210,3
150759263,35
150759556,16
150759561,24
150759594,298
150759705,31
150759751,11
150759765,60
150759805,1
150759881,23
150759924,46
150759951,9
150760190,18
150760261,7
150760305,10
150760475,110
150760741,94
150761147,7
150761176,1
150761380,4
150761473,24
150761840,6
150762248,6
150762280,4
150762424,66
150762806,10
150762873,5
150762938,3
150763145,1
150763247,1
150763248,8
150763260,188
150863328,3
150863478,33
150863530,9
150863536,6
150863774,11
150863893,18
150864191,5
150864955,5
150865051,44
150865148,6
150865437,18
150865462,25
150865540,28
150865577,20
150865699,14
150865704,2
150866216,8
150866223,2
150866263,5
150866295,24
150866941,33
150867035,1
150867263,72
150867363,135
150867414,3
150867503,24
150867848,2
150867952,6
150867973,13
150868225,3
150868309,445
150868320,10
150868433,25
150868518,23
150868583,7
150868721,5
150868848,3
150868948,78
150869215,65
150929571,24
150929627,2
150929641,1
150929953,1
150929966,3
150930010,14
150930045,5
150930214,8
150930257,2
150930387,6
150930406,11
150930409,86
150930623,65
150930667,1
150930695,1
150930715,1
150930861,10
150931481,202
150931927,6
150932033,19
150932073,7
150932329,3
150932396,2
150932455,22
150932635,35
150932641,24
150932683,50
150932736,4
150932746,1
150932761,25
150932802,20
150932809,10
150932850,3
150932898,11
150933018,165
150933087,1
150933355,24
150933393,58
150933467,10
150933504,195
150933540,2
150933556,3
150933643,51
150933653,2
150933704,1
150933786,1
150933795,4
150934158,1
150934212,255
150934266,10
150934342,7
150934372,18
150934392,102
150934420,65
150934432,19
150934553,11
150935567,518
150935634,102
150936460,26
150936525,267
150936908,3
150937357,33
150937491,29
150938199,68
150938363,2
150938452,7
150938453,31
150938661,3
150938700,48
150938731,4
150938875,21
150938935,48
150939018,16
150939408,8
150939466,120
150939567,9
150939582,23
150939679,1
150939680,5
150939694,120
150939816,4
150940010,195
150940171,445
150940320,5
150940323,24
150947127,7
150947298,1694
150948899,16
150950776,16
150951171,7
150951188,3
150951267,36
150951307,12
150951567,19
150951695,8
150951841,14
150951880,1
150951912,9
150951920,6
150952067,14
150952071,9
150952090,5
150952105,25
150952139,20
150952165,12
150952175,18
150952476,1
150952526,90
150952585,3
150952594,31
150952605,1
150952652,3
150953174,8
150953219,284
150953512,6
150953546,97
150953729,5
150953864,5
150953909,7
150954212,32
150954472,10
150954530,25
150954616,27
150954690,501
151055439,2
151056804,157
151057669,24
151057715,1
151057725,181
151057854,16
151057870,2
151057932,10
151058350,29
151058389,3
151058474,23
151058661,33
151058847,14
151059367,1
151139536,5
151139547,21
151139582,9
151139583,3
151140417,3
151140445,3
151140456,192
151140487,25
151141625,15
151141823,5
151141917,13
151142208,1
151142323,1
151142373,38
151142454,16
151142642,8
151142836,5
151143460,42
151143638,10
151143890,141
151143929,42
151143995,11
151144167,39
151144222,14
151144278,15
151144375,4
151144381,21
151144503,7
151144556,80
151144587,4
151144898,4
151145424,24
151145443,1
151145452,3
151245504,167
151245528,16
151245534,16
151245539,4
151245784,31
151245810,11
151245830,91
151245908,25
151246025,28
151246098,5
151246132,30
151246356,218
151246359,93
151246446,21
151246488,42
151246546,10
151246709,5
151246743,1
151246844,137
151246864,50
151246886,1
151246915,8
151246960,11
151246966,13
151246996,30
151247003,2
151247026,3
151247085,3
151247086,1
151247108,240
151247153,4
151247205,28
151247275,4
151247372,10
151247915,5
151247982,5
151248030,2
151248544,31
151248630,9
151248781,11
151248927,1052
151249091,2
151249148,262
151249552,90
151249630,24
151249840,15
151249854,28
151250020,5
151250110,9
151250330,7
151250775,338
151250880,2
151250918,18
151251205,31
151251208,24
151251449,6
151251543,123
151251557,7
151252304,130
151351704,7
151351748,16
151352444,43
151352445,215
151352478,11
151352494,2
151352744,16
151352777,35
151353494,2
151353742,23
151353980,11
151354361,28
151354745,1
151355019,152
151355065,1
151355141,7
151355184,10
151355668,25
151355674,100
151355696,14
151355721,115
151355975,41
151356004,4
151466178,10
151466841,276
151467329,54
151467548,3
151468601,1
151468820,1
151469788,4
151470003,11
151470300,87
151470607,19
151475687,37
151521477,11
151536184,1
151539536,5
151541038,1
151544873,1
151555626,11
151562051,3
151570096,9
151573972,7
151573986,13
151574016,199
151574080,25
151575103,4
151575139,5
151575411,5
151575984,11
151576014,15
151576974,24
151578029,43
151578614,15
151578960,37
151579242,4
151579260,590
151579527,1
151579658,52
151579702,7
151580326,29
151580514,4
151580875,2
151580964,15
151580966,2
151581073,38
151582089,7
151582124,2
151583045,38
151583066,17
151583070,7
151583083,4
151583189,10
151583229,269
151583343,3
151583357,1
151583506,6
151583602,107
151583701,19
151583750,1
151583876,105
151583883,37
151583903,41
151584318,1
151584811,6
151584875,55
151584934,2
151585002,17
151585123,12
151585594,193
151586065,1
151586132,26
151586421,272
151586555,16
151586585,66
151586651,3
151586652,1
151587137,1
151587355,82
151587364,1
151587563,22
151588081,2
151588272,562
151588374,148
151588562,8
151588584,4
151590297,11
151590513,20
151591108,32
151591434,27
151591886,12
151592038,3
151592080,32
151592403,6
151593112,3
151594225,67
151594347,27
151599997,33
151664879,18
151665103,2
151665301,191
151665377,67
151665526,47
151665554,11
151665714,2
151666105,88
151666279,69
151666572,9
151666995,1
151667138,3
151667393,27
151667542,20
151667545,5
151667810,52
151667953,5
151667959,7
151668030,47
151668108,26
151668156,6
151668252,2
151668344,1
151714814,160
151723416,1
151723420,81
151723506,139
151723520,33
151723586,3
151723956,7
151724064,37
151724075,11
151724155,4
151724291,69
151724760,29
151725417,34
151725546,20
151725662,1
151726110,98
151726201,17
151726228,6
151726625,1
151726724,48
151726734,1
151727647,436
151727857,143
151727917,107
151727988,6
151728061,8
151728329,23
151728394,1
151728646,2
151728831,30
151728848,15
151729129,39
151729697,1
151729699,99
151729819,24
151730039,3
151730314,41
151730405,10
151730427,13
151730490,80
151730500,5
151730623,24
151760747,10
151760768,8
151760801,7
151760997,10
151761288,18
151761376,5
151761786,1
151761905,11
151761967,3
151762109,9
151762202,38
151762481,276
151762563,80
151762652,17
151762730,97
151762964,3
151763025,29
151763162,18
151763738,3
151763991,2
151764051,17
151764053,2
151764066,23
151764077,6
151764098,2
151764323,33
151764340,26
151764374,81
151764407,577
151764433,21
151764472,28
151764564,14
151764585,1
151764756,4
151764867,28
151764909,150
151764942,5
151764943,22
151764966,30
151764993,5
151765101,14
151765154,1
151765689,1
151765709,13
151765713,11
151765841,9
151765893,11
151765903,12
151765955,32
151765962,6
151766016,63
151766032,3
151766033,10
151766067,1
151766076,37
151766236,3
151766325,11
151766521,18
151766590,591
151766600,40
151766611,38
151766629,280
151766683,4
151766694,15
151766845,6
151766984,3
151767079,6
151767092,11
151767147,1
151767151,233
151767160,13
151767163,1
151767294,85
151767311,16
151827544,8
151829143,7
151830350,279
151830434,8
151830450,38
151830765,17
151831028,139
151831062,2
151831108,4
151831144,2
151831161,6
151931543,462
151931595,12
151931611,7
151931787,1
151931874,13
151932263,9
151932527,5
151932978,1
151933215,15
151933239,3
151933466,1
151933570,26
151933580,20
151934063,9
151934535,16
151934590,25
151964636,37
152045160,42
152045281,48
152046174,59
152047271,138
152047574,1
152047750,12
152048038,6
152048041,8
152099179,14
152099819,130
152100072,1
152100669,31
152100704,29
152100746,12
152101099,23
152101296,480
152101364,7
152101464,410
152101652,3
152101748,58
152101931,5
152102316,74
152102489,9
152102531,6
152102577,3
152102619,29
152102967,52
152102969,1
152102999,162
152103005,10
152103026,2
152103122,6
152103348,22
152103546,58
152105453,28
152105497,5
152105634,1
152105854,29
152105965,6
152106046,8
152106100,15
152106142,2
152106281,17
152106315,19
152106537,4
152106609,3
152106643,19
152106717,2
152106733,9
152107015,217
152107016,180
152107089,7
152107136,50
152107138,4
152107169,2
152107186,1
152107241,71
152107296,1
152107482,515
152107570,8
152107702,1
152107912,30
152107965,22
152107999,4
152108063,101
152108069,5
152108099,36
152108204,1
152108240,28
152108245,689
152108370,81
152108478,3
152108483,16
152108525,29
152108619,28
152108802,1
152108975,302
152108986,3
152109039,2
152109186,16
152109214,7
152131738,62
152136400,10
152143312,14
152154632,35
152154654,13
152154790,82
152154798,11
152154852,10
152154889,25
152155099,2
152155327,3
152155502,504
152155624,30
152156263,2
152156383,1
152156709,6
152156721,22
152156871,19
152157023,3
152157634,7
152157651,38
152157687,3
152157943,4
152158081,4
152219879,223
152220637,28
152220816,31
152221186,10
152221523,130
152221729,23
152221823,9
152221913,136
152221939,5
152222179,4
152222992,1
152223300,2
152223408,19
152223475,6
152223614,10
152223707,10
152223889,40
152223897,24
152224040,12
152224052,58
152224068,7
152224111,2
152224912,54
152225169,1
152225394,6
152225443,22
152266087,2
152266298,5
152266369,29
152266473,108
152266898,3
152267643,19
152267718,19
152268078,2
152268173,245
152268390,16
152268525,53
152268624,129
152268797,59
152269062,1
152272230,143
152272551,3
152273935,37
152273994,10
152309460,368
152309556,132
152309591,422
152309594,1
152309625,181
152309705,7
152309731,47
152309748,38
152309756,13
152309789,31
152309793,4
152309875,8
152309946,3
152309949,4
152310008,1
152310030,42
152310047,44
152310058,8
152310214,128
152310290,3
152310319,40
152310439,6
152310447,10
152310456,193
152310496,28
152310556,4
152310605,1
152310683,276
152310741,2
152310759,27
152310867,4
152310962,4
152311009,6
152311163,7
152311310,2
152311311,170
152311315,6
152311401,34
152311415,26
152311547,74
152311549,9
152312156,76
152312395,6
152312398,197
152312667,53
152312693,15
152312700,3
152312815,8
152312817,3
152312829,62
152312851,2
152312855,8
152312865,4
152312877,29
152312893,23
152312896,10
152312904,14
152312951,4
152312966,270
152312979,18
152312984,133
152312998,85
152313143,7
152313174,38
152313216,5
152313298,12
152313351,4
152313478,46
152313512,12
152313581,216
152313622,24
152313659,8
152313678,10
152313753,12
152313945,2
152313997,2
152314029,19
152314052,1
152314057,3
152314064,100
152314082,13
152314108,6
152314135,7
152314167,5
152314168,63
152314176,54
152314195,10
152314196,31
152314212,10
152314215,2
152314225,569
152314327,323
152314337,34
152314347,7
152314360,50
152314369,5
152314419,117
152314449,10
152314695,3
152314931,56
152314985,26
152315109,10
152315169,3
152315216,709
152315217,149
152315354,3
152315430,145
152315514,3
152315583,22
152315665,52
152315810,3
152315890,13
152315999,1
152316032,1
152316178,23
152316238,65
152316279,1
152316316,12
152316329,46
152316336,17
152316357,310
152316380,5
152316429,1
152316447,2
152316492,26
152316493,4
152316636,18
152316641,8
152316678,1
152316683,144
152316721,85
152316725,257
152316739,96
152316768,12
152316866,2
152316868,45
152317014,3
152317017,226
152317089,3
152317103,3
152317169,255
152317200,130
152317251,32
152317325,10
152317372,7
152317532,14
152317562,18
152317660,321
152317778,81
152317805,5
152318651,3
152318879,2
152318889,6
152319167,65
152319307,2
152319337,6
152319511,1
152319614,3
152319621,51
152319622,33
152319697,10
152319707,13
152319767,11
152319816,73
152319865,10
152319868,65
152319869,12
152319872,3
152319874,1
152319886,11
152319908,25
152319934,206
152319942,41
152319953,47
152320016,2
152320076,29
152360412,187
152360647,9
152360653,26
152360655,77
152360657,1
152360658,91
152360822,2
152360857,3
152360868,28
152360971,165
152361072,3
152361079,29
152361346,9
152361767,116
152361798,3
152361838,36
152361845,5
152361879,17
152361925,385
152361928,2
152362021,1
152362442,4
152362741,24
152362743,25
152362996,26
152363079,2
152363162,20
152363655,15
152364435,42
152364481,6
152364507,287
152364514,86
152365644,49
152365649,4
152365666,12
152365686,1
152365715,10
152365752,34
152365763,4
152365769,7
152365809,6
152365824,34
152365831,848
152365845,174
152365857,5
152365870,550
152365877,173
152365896,26
152365913,1
152365984,13
152366037,23
152366046,7
152366082,7
152366174,18
152366211,15
152366216,1306
152366224,30
152366283,11
152366308,7
152366315,2
152366377,46
152366492,5
152366518,10
152366702,268
152366719,169
152366742,19
152366814,13
152367048,8
152367120,1
152367123,951
152367175,13
152367185,160
152367232,25
152367233,45
152367408,74
152367410,39
152367418,23
152367454,141
152367457,7
152367477,188
152367543,125
152367548,4
152367598,5
152367675,3
152367771,10
152367783,1
152367784,17
152367809,12
152367892,41
152367945,7
152368041,11
152368101,51
152368106,56
152368137,2
152368579,4
152368781,4
152368823,15
152368834,10
152368837,25
152368858,7
152368862,7
152368881,3
152368889,42
152368904,1
152368920,3
152368921,3
152368969,9
152368972,11
152368992,174
152369103,2
152369265,294
152369368,35
152369467,4
152369572,2
152369596,51
152369646,142
152369722,9
152369735,13
152369761,113
152369783,2
152369792,21
152370109,58
152370676,9
152371839,2
152372589,10
152372819,1
152373025,88
152373068,270
152373417,16
152373444,2
152373486,575
152373510,107
152373516,3
152427290,6
152428902,4
152428903,2
152429041,341
152429083,17
152429087,5
152429109,32
152429130,20
152429187,6
152429188,12
152429229,29
152429234,45
152429246,23
152429436,224
152429444,158
152429483,1
152429499,2
152429524,46
152429541,5
152429564,10
152429595,2
152429637,11
152429965,1
152430145,2
152431300,11
152431588,17
152432094,28
152432632,2
152432938,13
152433200,2
152433204,6
152433249,55
152433318,405
152433332,119
152433392,4
152433413,7
152433501,3
152433559,25
152434013,1
152434049,20
152434065,2
152434098,24
152434194,7
152434217,5
152434225,80
152434273,33
152434284,3
152434294,39
152434305,4
152434309,176
152434329,8
152434330,143
152434369,120
152434372,78
152435102,13
152435166,7
152435183,12
152435374,4
152435639,148
152436075,5
152437256,153
152437547,352
152439497,692
152439646,108
152439961,3
152440054,15
152440533,19
152440603,4
152440738,7
152440800,216
152440957,575
152441166,59
152441327,3
152482000,1
152482040,8
152483250,10
152483310,6
152483598,6
152483643,11
152485123,988
152486168,20
152486275,8
152486411,26
152487054,28
152487600,24
152488361,18
152488760,4
152489176,24
152489456,13
152490646,15
152492946,3
152493971,94
152494052,2
152494087,11
152494108,9
152494155,31
152494320,1
152494507,27
152494597,18
152494673,11
152494694,6
152494719,13
152494844,39
152495136,215
152495172,14
152495203,5
152495316,16
152495371,6
152495385,1
152495391,7
152495516,1
152495545,9
152495625,3
152495703,3
152495876,59
152496081,1
152496125,72
152496164,23
152496254,6
152496312,213
152496352,7
152496583,9
152496754,12
152496826,2
152496899,11
152496914,330
152496940,11
152496962,17
152497124,98
152497158,21
152497514,27
152497566,3
152497728,264
152497935,4
152498079,51
152498261,50
152498325,6
152498411,117
152498485,7
152498608,6
152498773,149
152499013,19
152499151,20
152499169,2
152499192,7
152499473,148
152499542,4
152499716,2
152499745,16
152499762,4
152499936,3
152500265,1
152500292,108
152500315,2
152500529,1
152500635,10
152500660,243
152500664,20
152500749,15
152500914,345
152500915,26
152500923,46
152500927,2
152501026,2
152501028,19
152501153,4
152501808,26
152501851,2
152501867,929
152501903,18
152501910,26
152501920,166
152501933,60
152501948,3
152501994,1
152502013,26
152502077,13
152502107,23
152502131,244
152502199,13
152502238,2
152502522,52
152502594,13
152502610,58
152503208,6
152503278,205
152503459,5
152503503,29
152504046,7
152504125,90
152504200,59
152504397,3
152504398,2
152504502,8
152504690,10
152504770,4
152504908,2
152505123,37
152505124,6
152505131,12
152505154,4
152505303,42
152505670,12
152506049,2
152506084,7
152506285,16
152506663,9
152506735,140
152506989,20
152507028,8
152507029,10
152507167,3
152507242,4
152507348,3
152507511,2
152507603,7
152507656,29
152507731,113
152507840,11
152507886,1047
152508041,3
152508185,8
152508456,13
152508476,17
152508624,9
152508918,1
152508973,46
152509040,8
152509152,6
152509215,11
152509263,47
152509291,121
152509392,1
152509635,83
152509680,1
152509984,59
152510021,9
152510022,1
152510168,6
152510192,15
152510220,116
152510262,49
152510279,17
152510373,36
152510390,340
152510496,73
152510546,26
152510566,20
152510596,463
152510629,2
152510782,56
152510822,19
152511048,35
152511092,12
152511293,102
152511333,12
152511381,2
152511419,68
152511467,25
152511631,5
152511671,7
152511868,3
152511873,3
152511968,3
152512013,82
152512016,1
152512055,396
152512067,22
152512179,12
152512207,2
152512398,28
152512497,12
152512540,94
152512714,47
152512879,6
152512881,2
152512950,8
152513168,22
152513170,11
152513208,266
152513242,174
152513642,6
152513658,11
152514215,7
152514290,31
152514413,53
152514708,4
152515070,24
152515200,14
152515259,84
152515261,19
152515296,20
152515306,19
152515432,19
152515611,4
152515616,205
152515785,3
152516043,2
152516318,8
152516346,9
152516399,59
152516619,19
152516684,3
152516686,19
152544766,270
152544768,115
152544782,35
152544792,84
152544835,17
152544985,13
152545168,113
152545178,15
152545329,16
152545572,314
152546274,146
152547538,8
152547959,89
152548277,1
152548325,1
152548640,1
152548734,12
152548918,2
152548919,5
152548954,28
152549085,4
152549089,8
152549125,4
152549216,317
152549348,13
152549351,63
152549424,6
152549517,2
152549651,224
152550091,13
152552640,20
152553688,37
152555402,33
152555440,7
152555577,6
152555634,73
152555641,33
152555642,250
152555906,984
152555912,5
152555916,31
152555924,3
152555938,4
152555952,1
152555961,631
152555965,10
152555980,8
152555985,15
152556000,37
152556022,26
152556029,3
152556061,40
152556092,306
152556141,10
152556157,23
152556182,38
152556184,2
152556189,164
152556262,2
152556315,20
152556342,2
152556364,29
152556384,24
152556407,1
152556428,9
152556440,14
152556487,37
152556545,3
152556559,27
152556628,22
152556667,12
152556690,19
152556692,4
152556712,54
152556758,1
152556769,2
152556794,17
152556837,4
152556861,30
152556878,28
152556892,24
152556925,19
152556969,15
152556999,177
152557001,12
152557021,18
152557052,3
152557077,4
152557118,5
152557194,1
152557240,20
152557249,6
152557264,60
152557308,4
152557320,2
152557386,32
152558078,36
152558243,15
152558364,124
152558407,153
152558826,40
152558916,7
152559148,26
152559175,53
152559207,110
152559420,4
152559432,30
152559438,7
152559490,12
152559499,62
152624641,6
152624663,138
152624669,3
152624675,320
152624730,58
152624741,495
152624757,360
152624760,86
152624768,6
152624799,82
152624829,2
152624836,2
152624858,2
152624873,63
152624918,6
152624944,22
152624978,131
152625021,22
152625053,16
152625054,36
152625101,2
152625105,70
152625129,7
152625178,1
152625192,1
152625219,10
152625236,470
152625244,19
152625246,5
152625251,60
152625343,2
152625416,19
152625450,25
152625511,5
152625581,19
152625583,5
152625609,235
152625627,114
152625654,25
152625745,56
152625760,9
152625903,23
152625945,40
152626012,5
152626043,4
152626137,14
152626278,2
152626279,6
152626343,39
152626386,4
152626464,1369
152626511,1
152626870,39
152627118,52
152627225,4
152627298,6
152627371,7
152627402,415
152627535,1
152627550,24
152627552,9
152627574,48
152627575,70
152627586,9
152627587,107
152627606,1
152627613,177
152627627,36
152627640,49
152627656,140
152627672,5
152627701,3
152627702,4
152627709,9
152627711,2
152627727,1
152627728,33
152627735,12
152627751,26
152627762,3
152627777,499
152627792,1
152627794,4
152627795,10
152627808,107
152627811,323
152627813,1
152627819,43
152627824,44
152627909,326
152627940,10
152627955,6
152627956,8
152627967,34
152628014,21
152628015,8
152628037,39
152628041,32
152628079,1
152628087,21
152628207,10
152628217,1
152628277,95
152628299,6
152628334,4
152628378,5
152628397,10
152628408,16
152628410,2
152628418,3
152628447,121
152628450,64
152628549,4
152628616,4
152628760,1
152628804,2
152628830,2
152628850,5
152628854,13
152628866,126
152628909,6
152628921,238
152628962,13
152629066,3
152629089,1
152629276,415
152629366,510
152629470,21
152629498,60
152629502,62
152629569,3
152629601,36
152629625,19
152629714,2
152629725,10
152629757,11
152629888,6
152629921,5
152630071,7
152630170,1
152630978,360
152631244,18
152631277,71
152631305,12
152631396,3
152631423,1
152631824,9
152631847,41
152631867,30
152632101,2
152632246,11
152632645,17
152632655,237
152632885,65
152633002,544
152633005,2
152633183,208
152659372,10
152659394,30
152659514,21
152659618,12
152659876,6
152660107,96
152660146,9
152660167,5
152660315,15
152660345,321
152660369,2
152660414,9
152660490,135
152660510,3
152660625,176
152660694,27
152660866,155
152661162,1
152661686,14
152661763,71
152661782,8
152662026,2
152662064,386
152662164,5
152662176,6
152662687,7
152662688,5
152662694,1
152662769,64
152662792,43
152662839,11
152662936,6
152663003,77
152663017,1
152663061,2
152663137,33
152663180,8
152663314,1
152663316,17
152663350,73
152663370,10
152665238,34
152665255,17
152665290,1
152667268,25
152675076,100
152675095,181
152675223,5
152675265,4
152675295,8
152675304,1
152675551,12
152675627,245
152675823,205
152675952,4
152675966,11
152676129,1
152676355,56
152676527,77
152676567,33
152676572,25
152676589,13
152676594,1
152676595,26
152676617,49
152676655,464
152676689,1
152676702,5
152676716,19
152676718,7
152676739,19
152676746,16
152676763,53
152676780,336
152676795,12
152676802,151
152676815,44
152676833,233
152676842,2
152676859,4
152676865,2
152676867,17
152676868,4
152676900,11
152676904,1532
152676908,15
152676916,2
152676936,40
152676946,91
152677032,35
152677059,7
152677065,9
152677081,164
152677083,82
152677136,4
152677176,1
152677329,1
152677330,5
152677340,14
152691156,49
152691456,5
152691765,157
152692184,110
152692627,34
152692761,1
152693363,40
152693689,1
152693700,1
152693728,5
152693760,12
152693772,17
152693920,19
152694003,8
152694374,174
152694442,6
152694539,4
152694570,26
152694578,99
152694774,8
152694947,10
152694962,150
152695036,32
152695132,3
152695189,1
152695209,1
152695241,243
152695249,48
152695250,15
152695272,61
152695367,111
152695460,34
152695598,124
152695611,9
152695675,9
152695698,153
152695800,22
152696085,28
152696200,84
152796298,60
152796314,30
152796325,114
152796329,3
152796351,4
152796379,26
152796383,3
152796402,12
152796406,26
152796407,40
152796412,6
152796436,269
152796457,3
152796472,14
152796501,209
152796511,128
152796512,33
152796521,18
152796543,6
152796576,310
152796587,45
152796591,12
152796598,89
152796599,4
152796685,6
152796786,6
152797037,304
152797131,19
152867711,7
152867731,88
152867785,18
152867801,58
152867805,17
152867811,11
152867817,33
152867818,176
152867831,106
152867839,564
152867865,147
152867866,19
152867868,12
152867869,9
152867871,22
152867891,6
152867956,52
152867980,22
152867986,345
152868014,36
152868106,1
152868157,61
152868177,56
152868212,5
152868297,2
152868318,1
152868396,7
152868422,100
152868778,3
152868782,6
152868927,2
152929114,14
152929387,1
152930133,25
152930651,17
152930676,1
152930693,12
152930731,12
152930803,37
152930811,1
152930848,21
152930944,23
152930981,1
152931013,1
152931557,2
152932032,2
152932235,31
152932475,3
152932604,15
152932713,1
152932722,91
152932737,2
152932770,403
152932854,238
152932984,12
152932986,48
152933873,4
152933916,1
152934016,2
152934060,2
152934062,177
152934066,2
152934077,261
152934117,7
152934124,55
152934131,9
152934221,2
152934226,18
152934300,4
152934316,116
152934378,13
152934498,1
152934672,5
152934760,1
152934943,17
152934945,61
152934955,3
152935051,8
152935146,314
152935163,6
152935256,86
152935260,39
152935294,497
152935468,2
152935580,75
152936747,25
152937330,31
152937335,14
152958474,42
153017282,1
153017318,110
153017326,1
153017350,3
153017357,18
153017362,1
153017368,2
153017388,4
153017435,1
153017473,6
153017490,21
153017496,1
153017541,150
153017579,35
153017601,245
153017633,5
153017706,1
153017709,431
153017719,66
153017726,40
153017732,71
153017775,7
153017934,8
153017954,54
153017997,3
153018077,17
153018101,11
153018103,9
153018109,7
153018221,11
153018241,41
153018288,10
153018299,53
153018323,12
153018335,21
153018378,29
153018418,4
153018425,43
153018650,15
153018661,26
153018696,7
153018791,1
153018924,12
153019188,11
153019859,15
153021119,1
153021213,2
153021324,13
153021354,1
153021388,123
153021445,73
153021509,4
153021770,101
153022113,3
153022262,60
153022307,20
153022359,22
153022379,6
153022387,42
153022601,88
153022685,2
153022773,14
153022934,40
153022957,41
153022994,10
153023074,51
153023212,155
153023214,4
153023259,138
153023528,10
153023624,44
153023753,7
153023783,92
153024078,6
153024318,7
153024899,3
153024945,1
153024959,14
153025061,28
153096589,2
153105397,5
153105408,24
153105440,73
153105472,8
153105479,15
153105487,7
153105527,3
153105553,16
153105595,57
153105680,106
153105683,20
153105694,3
153105740,14
153105837,9
153105850,56
153105872,46
153105873,48
153106271,25
153106773,20
153106813,1
153106815,25
153107802,2
153107820,9
153107940,7
153107948,6
153108360,6
153108396,3
153108416,87
153108436,78
153108691,26
153108844,7
153108877,22
153108884,44
153108915,42
153108925,6
153108966,17
153108969,84
153109011,53
153109028,8
153109042,2
153109053,12
153109085,18
153109104,135
153109111,54
153109130,11
153109184,33
153109193,149
153109194,59
153109217,2
153109464,156
153109557,1
153109650,171
153109660,24
153109680,25
153109905,18
153109942,1
153109944,9
153109951,37
153109970,57
153110033,111
153110036,4
153170089,11
153170145,50
153170174,2
153170237,27
153170262,7
153170316,4
153170331,259
153170339,1
153170365,23
153170371,10
153170376,24
153170393,93
153170525,51
153170530,96
153170610,83
153170694,8
153170913,1
153170916,1371
153170945,36
153170965,148
153171214,40
153172495,5
153172554,44
153172612,17
153172835,10
153173030,1
153173084,1497
153173256,8
153173276,4
153173308,16
153173433,54
153173445,72
153173458,5
153173486,4
153203598,33
153203671,47
153203751,375
153205941,24
153205952,8
153205989,3
153206273,1
153211622,6
153211794,1
153211819,5
153211839,30
153212582,5
153213024,3
153213100,33
153213886,12
153214552,81
153214580,128
153215681,48
153216078,31
153216415,11
153216888,2
153217089,4
153217187,6
153217244,26
153217546,10
153217580,35
153217916,7
153223165,6
153223363,11
153223568,1
153223832,4
153224028,1
153226199,94
153226509,6
153226654,152
153227383,275
153227593,3
153228384,2
153232013,21
153233044,4
153252996,1
153253183,37
153255874,2
153326631,1
153327371,1
153327797,308
153328537,24
153328652,2
153328679,22
153328718,18
153328756,25
153328849,525
153329011,18
153329031,12
153329075,1
153329088,34
153329551,3
153330003,676
153330013,4
153330090,19
153330100,10
153330273,24
153330312,1
153330398,41
153330446,19
153330776,7
153330844,7
153451108,87
153451924,65
153452554,1
153452944,24
153453084,2
153453092,2
153453985,91
153454061,5
153454236,7
153485733,23
153486328,8
153486332,39
153486911,2
153487314,10
153593637,49
153593816,3
153593976,12
153595362,1
153596345,6
153596932,1
153596968,16
153597830,23
153598000,3
153598109,26
153599720,8
153600002,1
153600031,1
153600056,8
153600154,10
153600296,237
153600368,35
153653328,17
153655370,1
153655956,83
153657200,1
153657393,5
153657844,1
153658698,9
153658946,14
153719108,43
153719494,17
153719789,34
153720206,1
153720375,2
153720589,48
153721144,8
153812595,12
153812679,493
153813389,8
153814393,11
153816415,64
153816848,6
153816934,230
153817003,94
153817036,156
153817147,193
153817176,124
153817345,129
153817663,23
153817678,30
153817748,2
153817754,28
153817771,1
153817856,20
153817857,2
153817928,4
153817940,18
153817971,16
153818003,9
153818158,18
153818159,483
153818194,85
153818234,16
153818304,1
153818324,152
153818335,38
153818382,123
153818470,41
153818490,3
153818670,28
153818685,72
153818765,198
153818768,24
153818810,1
153818997,362
153819065,16
153819252,19
153819265,57
153819382,23
153819583,5
153819619,6
153819638,422
153819759,24
153819762,629
153819840,11
153819864,4
153820056,241
153820178,70
153820226,5
153820972,76
153821006,98
153821040,1
153821044,17
153821065,144
153821110,38
153821188,1
153821226,1
153821484,4
153821635,7
153821720,289
153821725,42
153822200,37
153822472,218
153822685,16
153822822,1
153822847,23
153822918,27
153822950,15
153822959,13
153822974,10
153822979,16
153823046,3
153823126,18
153823417,2
153823458,37
153823849,28
153823879,3
153823919,29
153824038,27
153824068,218
153824109,541
153824128,4
153824291,2
153824339,130
153824570,1
153824576,12
153824741,6
153824780,79
153824786,536
153824804,1
153824821,23
153825125,13
153825127,65
153825215,19
153825353,194
153825374,7
153825377,1
153825702,3
153825737,84
153825748,2
153825810,21
153825943,127
153825945,17
153825983,44
153826248,1
153826312,18
153826388,14
153826496,38
153826522,14
153826603,21
153826844,25
153826860,10
153826996,16
153827025,20
153827049,36
153827068,234
153827209,26
153827229,8
153827374,5
153827446,6
153827468,11
153827519,22
153827627,8
153827665,11
153827734,15
153827759,36
153827794,8
153827953,8
153828173,18
153828255,234
153828270,7
153828492,14
153828521,50
153828670,26
153828703,4
153828763,39
153828927,78
153828955,23
153828956,26
153829207,22
153829247,50
153829461,330
153829670,2
153829775,5
153829897,4
153829983,166
153829985,15
153830000,158
153830042,13
153830076,8
153830091,218
153830118,27
153830130,71
153830486,3
153830617,14
153830671,1
153830673,26
153830719,5
153830740,7
153830979,3
153831110,5
153831283,32
153831305,2
153831325,338
153831356,45
153831424,3
153831509,135
153831590,10
153831626,18
153831735,13
153831893,31
153831895,125
153832403,23
153832408,42
153832578,1
153832596,65
153832597,26
153832649,12
153832689,5
153832710,22
153832727,79
153832756,1
153832770,9
153832901,7
153832926,29
153832928,1
153833015,30
153833142,16
153833209,1
153833304,29
153833336,203
153833354,44
153833372,50
153833608,206
153834042,3
153834103,8
153834104,4
153834139,1
153834177,101
153834330,29
153834363,3
153834369,1
153834406,3
153834738,21
153835102,24
153835149,13
153835239,18
153835277,25
153835313,141
153835385,7
153835393,70
153835465,10
153835510,37
153835575,8
153835685,18
153836281,124
153836284,3
153836373,11
153836436,114
153836503,17
153836596,66
153836726,53
153836728,20
153836752,16
153836760,1
153836793,31
153836869,12
153836976,6
153836989,1
153837017,16
153837025,184
153837078,117
153837345,10
153837516,18
153837613,7
153837647,25
153837649,69
153837652,5
153837725,1
153837727,9
153837833,16
153837865,1
153837867,1
153857711,2
153871234,20
153877752,16
153893563,2
153933981,17
153934328,362
153934829,17
153935235,6
153935275,19
153935357,13
153935553,28
153935909,39
153936340,69
153936724,6
153936772,8
153936832,6
153936859,5
153937173,104
153937298,20
153937409,26
153937430,1
153937704,6
153937741,3
153938112,10
153938219,1
153938489,65
153938549,25
153938602,1
153939234,40
153939483,1
153939891,10
153940329,55
153940379,17
153940417,25
153940458,2
153941289,3
153941572,18
153941608,4
153941698,31
154041989,25
154042400,27
154042418,1
154042557,1
154042737,393
154045017,22
154045325,3
154045392,2
154046215,5
154047067,9
154049076,23
154049679,26
154049960,13
154110149,15
154112071,2
154112439,266
154113384,15
154113403,448
154113421,4
154113940,8
154117557,1
154117908,3
154117944,6
154117998,202
154118175,1
154118315,28
154118495,34
154118772,21
154118777,6
154118937,26
154118965,80
154119018,1
154119064,8
154119164,2
154119364,29
154119378,5
154119385,4
154119405,13
154119412,19
154119416,4
154119427,170
154119632,19
154119727,31
154119814,1
154119912,23
154119918,19
154119922,3
154119955,11
154119986,1
154120042,9
154120072,14
154120094,8
154120108,12
154120192,1
154126949,65
154127663,8
154127730,3
154127733,30
154128346,13
154128392,7
154128697,32
154128800,6
154130028,142
154130112,215
154130150,226
154130298,2
154131172,81
154131937,3
154131956,355
154133219,2
154133337,12
154133342,5
154133863,1
154133945,71
154134003,1
154134198,14
154134267,91
154134392,7
154134488,1
154134960,2
154135222,12
154139615,10
154139643,1
154140803,117
154140975,8
154140995,6
154141117,19
154141278,2
154141416,137
154141629,13
154142217,4
154142609,5
154142939,9
154143205,9
154143319,83
154143649,3
154144504,1
154145181,2
154145189,146
154145589,284
154147007,7
154147014,12
154148106,1
154148353,2
154148405,72
154148417,16
154148446,3
154148565,2
154148601,4
154148712,227
154149374,16
154149662,28
154149851,11
154150588,6
154150618,1
154150620,114
154181137,1
154181567,20
154182004,28
154182346,17
154182863,1
154183023,29
154183546,2
154184673,49
154197222,10
154197236,20
154198619,34
154200389,48
154200451,1
154200667,134
154201254,19
154201402,26
154201632,100
154202019,27
154202372,62
154203201,21
154203506,17
154203560,19
154203629,35
154204988,21
154205007,6
154205045,28
154205442,128
154205601,55
154210886,2
154210895,4
154211968,20
154212262,174
154212598,102
154212773,3
154212846,82
154214728,1
154214981,82
154217668,31
154217794,15
154218341,2
154218611,55
154218756,29
154218795,4
154218884,6
154219358,1
154219620,1
154219981,5
154222033,15
154222418,11
154222427,212
154222544,1
154222604,5
154222754,3
154222954,21
154222968,1
154224314,69
154224441,6
154224572,56
154224624,8
154224643,1
154224649,48
154224787,61
154225000,23
154225157,81
154225165,13
154225407,70
154225632,76
154225874,45
154225899,7
154226098,12
154226242,107
154226369,56
154226881,29
154227803,6
154227834,1
154229177,1
154229237,3
154230905,10
154231322,50
154241733,5
154242724,9
154243524,19
154244003,2
154247771,9
154247787,5
154247957,5
154247963,26
154248024,11
154255897,53
154256418,180
154256653,23
154256847,12
154257019,108
154257021,351
154257144,33
154257272,3
154257283,9
154257314,27
154257332,33
154257400,37
154257403,3
154257534,36
154257553,340
154257595,103
154257636,89
154257638,7
154257659,12
154257699,27
154257723,7
154257728,393
154257792,158
154257843,9
154257852,8
154257972,38
154257987,17
154258001,15
154258140,254
154258156,14
154258158,2
154258255,23
154258425,10
154258544,5
154258603,3
154258720,10
154258760,33
154258863,3
154258890,14
154258911,198
154258945,257
154259024,8
154259028,26
154259036,11
154259065,366
154259066,79
154259210,1
154259253,1
154259347,183
154259450,17
154259528,3
154259655,6
154259675,4
154259873,91
154259883,13
154259908,428
154259917,140
154260054,76
154260098,27
154260215,2
154260318,15
154260402,18
154260457,153
154260603,157
154260606,11
154260608,32
154260609,18
154260616,166
154260639,28
154260682,2
154260683,13
154260693,569
154260697,23
154260757,1
154260773,1
154260795,226
154260808,16
154260829,4
154260839,16
154260893,28
154260897,19
154260918,82
154261204,124
154261214,100
154261256,16
154261302,1
154261306,28
154261339,1
154261340,32
154261345,6
154261413,28
154261415,26
154261429,117
154261545,15
154261555,8
154261734,21
154261836,50
154261903,11
154261922,7
154262048,8
154262058,1
154262140,3
154262166,5
154262219,2
154262253,5
154262279,7
154262280,20
154262289,1
154262294,46
154262307,264
154262311,19
154262340,80
154262377,3
154262622,129
154262860,305
154262873,1
154262918,26
154263032,5
154263088,67
154263145,3
154263177,24
154263194,200
154263202,168
154263332,4
154263369,113
154263528,25
154263529,1
154263672,27
154263698,181
154263737,81
154263888,178
154263986,327
154264165,18
154264228,36
154264240,50
154264243,4
154264248,32
154264260,7
154264277,26
154264404,2
154264456,55
154264562,21
154264592,2
154264621,31
154264685,4
154264697,402
154264815,22
154264878,84
154264999,3
154265282,39
154265498,17
154266508,3
154266635,90
154266765,3
154267371,16
154267413,1
154267860,23
154268351,4
154268352,21
154268628,804
154268653,275
154269661,3
154269702,3
154269811,12
154269895,5
154270267,56
154270330,2
154270818,4
154270822,16
154273086,3
154293306,28
154293456,51
154294263,5
154294370,11
154294543,23
154295878,1011
154302208,1093
154302228,125
154302585,24
154302592,26
154302694,3
154302857,164
154303279,196
154303302,231
154303455,1
154303463,3
154303477,5
154303680,16
154304229,5
154304453,59
154304601,9
154304690,6
154304738,1
154304751,1
154304757,220
154304930,3
154304962,49
154304977,87
154304999,14
154305103,17
154305152,4
154305189,26
154307172,90
154307555,4
154308537,49
154308539,23
154309016,2
154309080,132
154330630,9
154330702,10
154331171,10
154331203,1
154331387,1
154332290,78
154332536,4
154387689,4
154387784,13
154387839,13
154389471,14
154389993,2
154391322,4
154446656,35
154446771,480
154446951,20
154448037,2
154448213,2
154448535,32
154448577,11
154448610,91
154448647,18
154448674,4
154448767,4
154449169,1
154449382,6
154449621,56
154449945,2
154470122,6
154470490,6
154470668,8
154474350,1
154474854,58
154474870,118
154474873,18
154474950,197
154474959,1
154474966,7
154475314,9
154475319,279
154475320,3
154475391,30
154475761,3
154476187,73
154476204,52
154476208,1
154476223,10
154476289,2
154476413,2
154476489,33
154476731,172
154477305,268
154477379,326
154477752,30
154477876,30
154478200,17
154479232,2
154479345,65
154479601,86
154480043,2
154480148,16
154480249,1
154480343,20
154481733,17
154481767,2000
154582418,8
154582538,29
154582570,6
154582578,4
154582935,13
154583094,1
154583297,14
154583501,6
154583672,3
154583678,883
154584159,2
154585033,25
154586607,11
154586680,3
154586839,105
154588017,34
154588610,1
154590611,17
154591202,139
154591286,95
154591300,68
154591527,11
154592867,25
154669792,1
154670548,22
154672267,19
154720495,8
154721466,6
154722295,3
154723139,25
154723188,1
154723736,1
154725388,16
154727501,20
154727698,25
154727763,38
154727896,15
154728159,20
154728260,4
154741664,49
154749644,13
154770728,183
154783009,26
154783745,47
154790157,2
154790160,14
154798985,20
154800235,251
154800394,29
154800422,1
154800449,43
154800712,84
154800768,4
154801220,23
154801284,26
154803511,2
154803789,1
154804253,10
154804339,29
154804641,3
154805279,65
154805652,36
154805670,2
154806038,21
154807981,36
154808212,35
154808982,4
154809445,4
154910602,1
154910806,232
154911557,10
154911647,8
154911900,7
154913023,3
154913224,33
154914281,20
154914643,886
154914697,21
154915000,13
154915097,17
154915104,2
154915187,40
154915215,61
154915225,5
154915488,1
154915906,33
154915930,7
154951284,1232
154951357,162
154951378,1
154951381,1
154951481,2
154951583,62
154951733,1
154951770,13
154951801,861
154951842,24
154952057,151
154952060,67
154952334,6
154952814,17
154953145,6
154953857,19
154953895,36
154953967,7
154953984,1
154954079,4
154954095,673
154954163,11
154954182,18
154954529,1
154954621,36
154954645,211
154954652,11
154954681,4
154954744,6
154954745,199
154954778,26
154954801,2
154954929,14
154955172,10
154955418,22
154955472,78
154955551,257
154955662,6
154955883,2
154955904,11
154955936,71
154956258,3
154956279,8
154956336,90
154956653,28
154956749,106
154956850,8
154957057,41
154957100,28
154957103,8
154957371,26
154957378,63
154957551,23
154958117,9
154958135,19
154958530,48
154958653,28
154958679,28
154959029,107
154959043,18
154959076,1
154959082,15
154959380,4
154959383,16
154959440,3
154959498,15
154959559,2
154959821,41
154959887,10
154959936,50
154959937,8
154959940,12
154960023,7
154960229,157
154960247,64
154960288,41
154960320,2
154960361,13
154960368,5
154960386,79
154960434,998
154960496,14
154960526,4
154960601,6
154960721,18
154960752,8
154960797,4
154960889,5
154960951,17
154961045,5
154961046,95
154961417,42
154961420,18
154961445,18
154961464,14
154961521,42
154961535,8
154961764,128
154962062,22
154962100,2
154962111,2
154962403,18
154962552,331
154962572,5
154962714,1
154962762,406
154963049,528
154963135,3
154963663,521
154963741,36
154963902,7
154963929,1
154964046,6
154964067,4
154964136,47
154964713,5
154966954,81
154968469,5
155031349,2
155031905,1
155034102,3
155034194,3
155120860,8
155121026,6
155121299,210
155122323,2
155123160,64
155124334,17
155124420,16
155124887,4
155126210,158
155126723,23
155128935,3
155129365,1
155129489,30
155222568,34
155223975,1
155224014,134
155224212,8
155225975,1
155226157,6
155226193,22
155226563,3
155226723,55
155226768,23
155226861,9
155226878,1
155227164,14
155227745,29
155228177,5
155228195,5
155228333,10
155228346,1
155228768,5
155228775,1
155228847,15
155228966,216
155229106,187
155229473,4
155229626,12
155229824,360
155229852,113
155280080,40
155280208,8
155281818,51
155281891,28
155281952,12
155282635,22
155283120,23
155283233,10
155383956,7
155384335,25
155384900,41
155385382,54
155385531,15
155385825,126
155386218,9
155386491,8
155387596,340
155387720,9
155387778,5
155387798,396
155387802,8
155387816,7
155388863,4
155450735,3
155451241,140
155451283,3
155452093,8
155452134,35
155452149,32
155452755,268
155452955,41
155453490,20
155453711,326
155453810,173
155455058,280
155455095,27
155456362,319
155456366,133
155456430,5
155457721,20
155458442,2
155458573,16
155459737,92
155459742,5
155459771,65
155459924,53
155459973,63
155460299,15
155460522,3
155460573,21
155460794,3
155461023,18
155461300,26
155461359,11
155461368,297
155461404,15
155461506,1
155461665,23
155461723,1
155468243,22
155483652,2
155484515,5
155485492,1
155485653,11
155485714,6
155495940,29
155496313,159
155496457,12
155496467,174
155496509,46
155496625,1
155497401,1
155497443,14
155497912,15
155498022,2
155499789,3
155500121,5
155580567,34
155600380,3
155602874,5
155635277,8
155636356,2
155636520,1
155636635,22
155678137,9
155680863,15
155681485,5
155681586,81
155682297,79
155682354,13
155682936,98
155682954,5
155682961,3
155683001,24
155683020,1
155683056,132
155683076,14
155683245,1
155683252,23
155683510,15
155683522,12
155683908,28
155684753,2
155687294,1
155687302,8
155687407,52
155687609,4
155788606,44
155788679,19
155790683,163
155790715,3
155790980,2
155791767,6
155791864,8
155792927,5
155793313,2
155793692,3
155793827,3
155793847,33
155794070,14
155794861,3
155795168,20
155796962,88
155891246,12
155898438,5
155898594,56
155898776,43
155899292,1
155899796,204
155899913,6
155901947,88
155902546,7
155903639,152
155903904,26
155908023,576
155908475,4
155910343,6
155910422,5
156011095,28
156011257,36
156011295,3
156012188,10
156012260,10
156012286,6
156012672,10
156012679,1
156013388,1
156013764,1
156015071,1
156015680,14
156015799,7
156016729,198
156016980,11
156017170,4
156068240,125
156068948,92
156068985,13
156069711,44
156073045,1
156073137,2
156163352,114
156163493,66
156163775,2
156164710,4
156164759,29
156164963,31
156165126,6
156165228,1
156165452,24
156165729,2
156166931,2
156167723,26
156168596,20
156178668,27
156179121,16
156179496,14
156181135,10
156182195,1
156182206,4
156182578,221
156183199,37
156183412,2
156183652,14
156183692,10
156183852,208
156225381,8
156227023,24
156227413,22
156228668,247
156229040,78
156229624,56
156229976,86
156231253,8
156231295,703
156232045,1
156232815,79
